No,Name,Type1,Type2,Total,HP,Attack,Defense,Sp. Atk,Sp. Def,Speed,Generation,Legendary,Color,Height,Weight,Evolution,Chain,Description
1,Bulbasaur,Grass,Poison,318,45,49,49,65,65,45,1,False,Green,0.7,6.9,0.0,None,Seed Pokémon
2,Ivysaur,Grass,Poison,405,60,62,63,80,80,60,1,False,Green,1.0,13.0,1.0,Bulbasaur,Seed Pokémon
3,Venusaur,Grass,Poison,525,80,82,83,100,100,80,1,False,Green,2.0,100.0,2.0,Ivysaur,Seed Pokémon
4,Charmander,Fire,,309,39,52,43,60,50,65,1,False,Red,0.6,8.5,0.0,None,Lizard Pokémon
5,Charmeleon,Fire,,405,58,64,58,80,65,80,1,False,Red,1.1,19.0,1.0,Charmander,Flame Pokémon
6,Charizard,Fire,Flying,534,78,84,78,109,85,100,1,False,Red,1.7,90.5,2.0,Charmeleon,Flame Pokémon
7,Squirtle,Water,,314,44,48,65,50,64,43,1,False,Blue,0.5,9.0,0.0,None,Tiny Turtle Pokémon
8,Wartortle,Water,,405,59,63,80,65,80,58,1,False,Blue,1.0,22.5,1.0,Squirtle,Turtle Pokémon
9,Blastoise,Water,,530,79,83,100,85,105,78,1,False,Blue,1.6,85.5,2.0,Wartortle,Shellfish Pokémon
10,Caterpie,Bug,,195,45,30,35,20,20,45,1,False,Green,0.3,2.9,0.0,None,Worm Pokémon
11,Metapod,Bug,,205,50,20,55,25,25,30,1,False,Green,0.7,9.9,1.0,Caterpie,Cocoon Pokémon
12,Butterfree,Bug,Flying,385,60,45,50,80,80,70,1,False,White,1.1,32.0,2.0,Metapod,Butterfly Pokémon
13,Weedle,Bug,Poison,195,40,35,30,20,20,50,1,False,Brown,0.3,3.2,0.0,None,Hairy Bug Pokémon
14,Kakuna,Bug,Poison,205,45,25,50,25,25,35,1,False,Yellow,0.6,10.0,1.0,Weedle,Cocoon Pokémon
15,Beedrill,Bug,Poison,385,65,80,40,45,80,75,1,False,Yellow,1.0,29.5,2.0,Kakuna,Poison Bee Pokémon
16,Pidgey,Normal,Flying,251,40,45,40,35,35,56,1,False,Brown,0.3,1.8,0.0,None,Tiny Bird Pokémon
17,Pidgeotto,Normal,Flying,349,63,60,55,50,50,71,1,False,Brown,1.1,30.0,1.0,Pidgey,Bird Pokémon
18,Pidgeot,Normal,Flying,469,83,80,75,70,70,91,1,False,Brown,1.5,39.5,2.0,Pidgeotto,Bird Pokémon
19,Rattata,Normal,,253,30,56,35,25,35,72,1,False,Purple,0.3,3.5,0.0,None,Mouse Pokémon
20,Raticate,Normal,,413,55,81,60,50,70,97,1,False,Brown,0.7,18.5,1.0,Rattata,Mouse Pokémon
21,Spearow,Normal,Flying,262,40,60,30,31,31,70,1,False,Brown,0.3,2.0,0.0,None,Tiny Bird Pokémon
22,Fearow,Normal,Flying,442,65,90,65,61,61,100,1,False,Brown,1.2,38.0,1.0,Spearow,Beak Pokémon
23,Ekans,Poison,,288,35,60,44,40,54,55,1,False,Purple,2.0,6.9,0.0,None,Snake Pokémon
24,Arbok,Poison,,438,60,85,69,65,79,80,1,False,Purple,3.5,65.0,1.0,Ekans,Cobra Pokémon
25,Pikachu,Electric,,300,35,55,30,50,40,90,1,False,Yellow,0.4,6.0,1.0,Pichu,Mouse Pokémon
26,Raichu,Electric,,475,60,90,55,90,80,100,1,False,Yellow,0.8,30.0,2.0,Pikachu,Mouse Pokémon
27,Sandshrew,Ground,,300,50,75,85,20,30,40,1,False,Yellow,0.6,12.0,0.0,None,Mouse Pokémon
28,Sandslash,Ground,,450,75,100,110,45,55,65,1,False,Yellow,1.0,29.5,1.0,Sandshrew,Mouse Pokémon
29,Nidoran♀,Poison,,275,55,47,52,40,40,41,1,False,Blue,0.4,7.0,0.0,None,Poison Pin Pokémon
30,Nidorina,Poison,,365,70,62,67,55,55,56,1,False,Blue,0.8,20.0,1.0,Nidoran♀,Poison Pin Pokémon
31,Nidoqueen,Poison,Ground,495,90,82,87,75,85,76,1,False,Blue,1.3,60.0,2.0,Nidorina,Drill Pokémon
32,Nidoran♂,Poison,,273,46,57,40,40,40,50,1,False,Purple,0.5,9.0,0.0,None,Poison Pin Pokémon
33,Nidorino,Poison,,365,61,72,57,55,55,65,1,False,Purple,0.9,19.5,1.0,Nidoran♂,Poison Pin Pokémon
34,Nidoking,Poison,Ground,495,81,92,77,85,75,85,1,False,Purple,1.4,62.0,2.0,Nidorino,Drill Pokémon
35,Clefairy,Fairy,,323,70,45,48,60,65,35,1,False,Pink,0.6,7.5,1.0,Cleffa,Fairy Pokémon
36,Clefable,Fairy,,473,95,70,73,85,90,60,1,False,Pink,1.3,40.0,2.0,Clefairy,Fairy Pokémon
37,Vulpix,Fire,,299,38,41,40,50,65,65,1,False,Brown,0.6,9.9,0.0,None,Fox Pokémon
38,Ninetales,Fire,,505,73,76,75,81,100,100,1,False,Yellow,1.1,19.9,1.0,Vulpix,Fox Pokémon
39,Jigglypuff,Normal,Fairy,270,115,45,20,45,25,20,1,False,Pink,0.5,5.5,1.0,Igglybuff,Balloon Pokémon
40,Wigglytuff,Normal,Fairy,425,140,70,45,75,50,45,1,False,Pink,1.0,12.0,2.0,Jigglypuff,Balloon Pokémon
41,Zubat,Poison,Flying,245,40,45,35,30,40,55,1,False,Purple,0.8,7.5,0.0,None,Bat Pokémon
42,Golbat,Poison,Flying,455,75,80,70,65,75,90,1,False,Purple,1.6,55.0,1.0,Zubat,Bat Pokémon
43,Oddish,Grass,Poison,320,45,50,55,75,65,30,1,False,Blue,0.5,5.4,0.0,None,Weed Pokémon
44,Gloom,Grass,Poison,395,60,65,70,85,75,40,1,False,Blue,0.8,8.6,1.0,Oddish,Weed Pokémon
45,Vileplume,Grass,Poison,480,75,80,85,100,90,50,1,False,Red,1.2,18.6,2.0,Gloom,Flower Pokémon
46,Paras,Bug,Grass,285,35,70,55,45,55,25,1,False,Red,0.3,5.4,0.0,None,Mushroom Pokémon
47,Parasect,Bug,Grass,405,60,95,80,60,80,30,1,False,Red,1.0,29.5,1.0,Paras,Mushroom Pokémon
48,Venonat,Bug,Poison,305,60,55,50,40,55,45,1,False,Purple,1.0,30.0,0.0,None,Insect Pokémon
49,Venomoth,Bug,Poison,450,70,65,60,90,75,90,1,False,Purple,1.5,12.5,1.0,Venonat,Poison Moth Pokémon
50,Diglett,Ground,,265,10,55,25,35,45,95,1,False,Brown,0.2,0.8,0.0,None,Mole Pokémon
51,Dugtrio,Ground,,405,35,80,50,50,70,120,1,False,Brown,0.7,33.3,1.0,Diglett,Mole Pokémon
52,Meowth,Normal,,290,40,45,35,40,40,90,1,False,Yellow,0.4,4.2,0.0,None,Scratch Cat Pokémon
53,Persian,Normal,,440,65,70,60,65,65,115,1,False,Yellow,1.0,32.0,1.0,Meowth,Classy Cat Pokémon
54,Psyduck,Water,,320,50,52,48,65,50,55,1,False,Yellow,0.8,19.6,0.0,None,Duck Pokémon
55,Golduck,Water,,500,80,82,78,95,80,85,1,False,Blue,1.7,76.6,1.0,Psyduck,Duck Pokémon
56,Mankey,Fighting,,305,40,80,35,35,45,70,1,False,Brown,0.5,28.0,0.0,None,Pig Monkey Pokémon
57,Primeape,Fighting,,455,65,105,60,60,70,95,1,False,Brown,1.0,32.0,1.0,Mankey,Pig Monkey Pokémon
58,Growlithe,Fire,,350,55,70,45,70,50,60,1,False,Brown,0.7,19.0,0.0,None,Puppy Pokémon
59,Arcanine,Fire,,555,90,110,80,100,80,95,1,False,Brown,1.9,155.0,1.0,Growlithe,Legendary Pokémon
60,Poliwag,Water,,300,40,50,40,40,40,90,1,False,Blue,0.6,12.4,0.0,None,Tadpole Pokémon
61,Poliwhirl,Water,,385,65,65,65,50,50,90,1,False,Blue,1.0,20.0,1.0,Poliwag,Tadpole Pokémon
62,Poliwrath,Water,Fighting,500,90,85,95,70,90,70,1,False,Blue,1.3,54.0,2.0,Poliwhirl,Tadpole Pokémon
63,Abra,Psychic,,310,25,20,15,105,55,90,1,False,Brown,0.9,19.5,0.0,None,Psi Pokémon
64,Kadabra,Psychic,,400,40,35,30,120,70,105,1,False,Brown,1.3,56.5,1.0,Abra,Psi Pokémon
65,Alakazam,Psychic,,490,55,50,45,135,85,120,1,False,Brown,1.5,48.0,2.0,Kadabra,Psi Pokémon
66,Machop,Fighting,,305,70,80,50,35,35,35,1,False,Gray,0.8,19.5,0.0,None,Superpower Pokémon
67,Machoke,Fighting,,405,80,100,70,50,60,45,1,False,Gray,1.5,70.5,1.0,Machop,Superpower Pokémon
68,Machamp,Fighting,,505,90,130,80,65,85,55,1,False,Gray,1.6,130.0,2.0,Machoke,Superpower Pokémon
69,Bellsprout,Grass,Poison,300,50,75,35,70,30,40,1,False,Green,0.7,4.0,0.0,None,Flower Pokémon
70,Weepinbell,Grass,Poison,390,65,90,50,85,45,55,1,False,Green,1.0,6.4,1.0,Bellsprout,Flycatcher Pokémon
71,Victreebel,Grass,Poison,480,80,105,65,100,60,70,1,False,Green,1.7,15.5,2.0,Weepinbell,Flycatcher Pokémon
72,Tentacool,Water,Poison,335,40,40,35,50,100,70,1,False,Blue,0.9,45.5,0.0,None,Jellyfish Pokémon
73,Tentacruel,Water,Poison,515,80,70,65,80,120,100,1,False,Blue,1.6,55.0,1.0,Tentacool,Jellyfish Pokémon
74,Geodude,Rock,Ground,300,40,80,100,30,30,20,1,False,Brown,0.4,20.0,0.0,None,Rock Pokémon
75,Graveler,Rock,Ground,390,55,95,115,45,45,35,1,False,Brown,1.0,105.0,1.0,Geodude,Rock Pokémon
76,Golem,Rock,Ground,485,80,110,130,55,65,45,1,False,Brown,1.4,300.0,2.0,Graveler,Megaton Pokémon
77,Ponyta,Fire,,410,50,85,55,65,65,90,1,False,Yellow,1.0,30.0,0.0,None,Fire Horse Pokémon
78,Rapidash,Fire,,500,65,100,70,80,80,105,1,False,Yellow,1.7,95.0,1.0,Ponyta,Fire Horse Pokémon
79,Slowpoke,Water,Psychic,315,90,65,65,40,40,15,1,False,Pink,1.2,36.0,0.0,None,Dopey Pokémon
80,Slowbro,Water,Psychic,490,95,75,110,100,80,30,1,False,Pink,1.6,78.5,1.0,Slowpoke,Hermit Crab Pokémon
81,Magnemite,Electric,Steel,325,25,35,70,95,55,45,1,False,Gray,0.3,6.0,0.0,None,Magnet Pokémon
82,Magneton,Electric,Steel,465,50,60,95,120,70,70,1,False,Gray,1.0,60.0,1.0,Magnemite,Magnet Pokémon
83,Farfetch'd,Normal,Flying,352,52,65,55,58,62,60,1,False,Brown,0.8,15.0,0.0,None,Wild Duck Pokémon
84,Doduo,Normal,Flying,310,35,85,45,35,35,75,1,False,Brown,1.4,39.2,0.0,None,Twin Bird Pokémon
85,Dodrio,Normal,Flying,460,60,110,70,60,60,100,1,False,Brown,1.8,85.2,1.0,Doduo,Triple Bird Pokémon
86,Seel,Water,,325,65,45,55,45,70,45,1,False,White,1.1,90.0,0.0,None,Sea Lion Pokémon
87,Dewgong,Water,Ice,475,90,70,80,70,95,70,1,False,White,1.7,120.0,1.0,Seel,Sea Lion Pokémon
88,Grimer,Poison,,325,80,80,50,40,50,25,1,False,Purple,0.9,30.0,0.0,None,Sludge Pokémon
89,Muk,Poison,,500,105,105,75,65,100,50,1,False,Purple,1.2,30.0,1.0,Grimer,Sludge Pokémon
90,Shellder,Water,,305,30,65,100,45,25,40,1,False,Purple,0.3,4.0,0.0,None,Bivalve Pokémon
91,Cloyster,Water,Ice,525,50,95,180,85,45,70,1,False,Purple,1.5,132.5,1.0,Shellder,Bivalve Pokémon
92,Gastly,Ghost,Poison,310,30,35,30,100,35,80,1,False,Purple,1.3,0.1,0.0,None,Gas Pokémon
93,Haunter,Ghost,Poison,405,45,50,45,115,55,95,1,False,Purple,1.6,0.1,1.0,Gastly,Gas Pokémon
94,Gengar,Ghost,Poison,500,60,65,60,130,75,110,1,False,Purple,1.5,40.5,2.0,Haunter,Shadow Pokémon
95,Onix,Rock,Ground,385,35,45,160,30,45,70,1,False,Gray,8.8,210.0,0.0,None,Rock Snake Pokémon
96,Drowzee,Psychic,,328,60,48,45,43,90,42,1,False,Yellow,1.0,32.4,0.0,None,Hypnosis Pokémon
97,Hypno,Psychic,,483,85,73,70,73,115,67,1,False,Yellow,1.6,75.6,1.0,Drowzee,Hypnosis Pokémon
98,Krabby,Water,,325,30,105,90,25,25,50,1,False,Red,0.4,6.5,0.0,None,River Crab Pokémon
99,Kingler,Water,,475,55,130,115,50,50,75,1,False,Red,1.3,60.0,1.0,Krabby,Pincer Pokémon
100,Voltorb,Electric,,330,40,30,50,55,55,100,1,False,Red,0.5,10.4,0.0,None,Ball Pokémon
101,Electrode,Electric,,480,60,50,70,80,80,140,1,False,Red,1.2,66.6,1.0,Voltorb,Ball Pokémon
102,Exeggcute,Grass,Psychic,325,60,40,80,60,45,40,1,False,Pink,0.4,2.5,0.0,None,Egg Pokémon
103,Exeggutor,Grass,Psychic,520,95,95,85,125,65,55,1,False,Yellow,2.0,120.0,1.0,Exeggcute,Coconut Pokémon
104,Cubone,Ground,,320,50,50,95,40,50,35,1,False,Brown,0.4,6.5,0.0,None,Lonely Pokémon
105,Marowak,Ground,,425,60,80,110,50,80,45,1,False,Brown,1.0,45.0,1.0,Cubone,Bone Keeper Pokémon
106,Hitmonlee,Fighting,,455,50,120,53,35,110,87,1,False,Brown,1.5,49.8,1.0,Tyrogue,Kicking Pokémon
107,Hitmonchan,Fighting,,455,50,105,79,35,110,76,1,False,Brown,1.4,50.2,1.0,Tyrogue,Punching Pokémon
108,Lickitung,Normal,,385,90,55,75,60,75,30,1,False,Pink,1.2,65.5,0.0,None,Licking Pokémon
109,Koffing,Poison,,340,40,65,95,60,45,35,1,False,Purple,0.6,1.0,0.0,None,Poison Gas Pokémon
110,Weezing,Poison,,490,65,90,120,85,70,60,1,False,Purple,1.2,9.5,1.0,Koffing,Poison Gas Pokémon
111,Rhyhorn,Ground,Rock,345,80,85,95,30,30,25,1,False,Gray,1.0,115.0,0.0,None,Spikes Pokémon
112,Rhydon,Ground,Rock,485,105,130,120,45,45,40,1,False,Gray,1.9,120.0,1.0,Rhyhorn,Drill Pokémon
113,Chansey,Normal,,450,250,5,5,35,105,50,1,False,Pink,1.1,34.6,1.0,Happiny,Egg Pokémon
114,Tangela,Grass,,435,65,55,115,100,40,60,1,False,Blue,1.0,35.0,0.0,None,Vine Pokémon
115,Kangaskhan,Normal,,490,105,95,80,40,80,90,1,False,Brown,2.2,80.0,0.0,None,Parent Pokémon
116,Horsea,Water,,295,30,40,70,70,25,60,1,False,Blue,0.4,8.0,0.0,None,Dragon Pokémon
117,Seadra,Water,,440,55,65,95,95,45,85,1,False,Blue,1.2,25.0,1.0,Horsea,Dragon Pokémon
118,Goldeen,Water,,320,45,67,60,35,50,63,1,False,Red,0.6,15.0,0.0,None,Goldfish Pokémon
119,Seaking,Water,,450,80,92,65,65,80,68,1,False,Red,1.3,39.0,1.0,Goldeen,Goldfish Pokémon
120,Staryu,Water,,340,30,45,55,70,55,85,1,False,Brown,0.8,34.5,0.0,None,Star Shape Pokémon
121,Starmie,Water,Psychic,520,60,75,85,100,85,115,1,False,Purple,1.1,80.0,1.0,Staryu,Mysterious Pokémon
122,Mr. Mime,Psychic,Fairy,460,40,45,65,100,120,90,1,False,Pink,1.3,54.5,1.0,Mime Jr.,Barrier Pokémon
123,Scyther,Bug,Flying,500,70,110,80,55,80,105,1,False,Green,1.5,56.0,0.0,None,Mantis Pokémon
124,Jynx,Ice,Psychic,455,65,50,35,115,95,95,1,False,Red,1.4,40.6,1.0,Smoochum,Human Shape Pokémon
125,Electabuzz,Electric,,490,65,83,57,95,85,105,1,False,Yellow,1.1,30.0,1.0,Elekid,Electric Pokémon
126,Magmar,Fire,,495,65,95,57,100,85,93,1,False,Red,1.3,44.5,1.0,Magby,Spitfire Pokémon
127,Pinsir,Bug,,500,65,125,100,55,70,85,1,False,Brown,1.5,55.0,0.0,None,Stag Beetle Pokémon
128,Tauros,Normal,,490,75,100,95,40,70,110,1,False,Brown,1.4,88.4,0.0,None,Wild Bull Pokémon
129,Magikarp,Water,,200,20,10,55,15,20,80,1,False,Red,0.9,10.0,0.0,None,Fish Pokémon
130,Gyarados,Water,Flying,540,95,125,79,60,100,81,1,False,Blue,6.5,235.0,1.0,Magikarp,Atrocious Pokémon
131,Lapras,Water,Ice,535,130,85,80,85,95,60,1,False,Blue,2.5,220.0,0.0,None,Transport Pokémon
132,Ditto,Normal,,288,48,48,48,48,48,48,1,False,Purple,0.3,4.0,0.0,None,Transform Pokémon
133,Eevee,Normal,,325,55,55,50,45,65,55,1,False,Brown,0.3,6.5,0.0,None,Evolution Pokémon
134,Vaporeon,Water,,525,130,65,60,110,95,65,1,False,Blue,1.0,29.0,1.0,Eevee,Bubble Jet Pokémon
135,Jolteon,Electric,,525,65,65,60,110,95,130,1,False,Yellow,0.8,24.5,1.0,Eevee,Lightning Pokémon
136,Flareon,Fire,,525,65,130,60,95,110,65,1,False,Red,0.9,25.0,1.0,Eevee,Flame Pokémon
137,Porygon,Normal,,395,65,60,70,85,75,40,1,False,Pink,0.8,36.5,0.0,None,Virtual Pokémon
138,Omanyte,Rock,Water,355,35,40,100,90,55,35,1,False,Blue,0.4,7.5,0.0,None,Spiral Pokémon
139,Omastar,Rock,Water,495,70,60,125,115,70,55,1,False,Blue,1.0,35.0,1.0,Omanyte,Spiral Pokémon
140,Kabuto,Rock,Water,355,30,80,90,55,45,55,1,False,Brown,0.5,11.5,0.0,None,Shellfish Pokémon
141,Kabutops,Rock,Water,495,60,115,105,65,70,80,1,False,Brown,1.3,40.5,1.0,Kabuto,Shellfish Pokémon
142,Aerodactyl,Rock,Flying,515,80,105,65,60,75,130,1,False,Purple,1.8,59.0,0.0,None,Fossil Pokémon
143,Snorlax,Normal,,540,160,110,65,65,110,30,1,False,Black,2.1,460.0,1.0,Munchlax,Sleeping Pokémon
144,Articuno,Ice,Flying,580,90,85,100,95,125,85,1,True,Blue,1.7,55.4,0.0,None,Freeze Pokémon
145,Zapdos,Electric,Flying,580,90,90,85,125,90,100,1,True,Yellow,1.6,52.6,0.0,None,Electric Pokémon
146,Moltres,Fire,Flying,580,90,100,90,125,85,90,1,True,Yellow,2.0,60.0,0.0,None,Flame Pokémon
147,Dratini,Dragon,,300,41,64,45,50,50,50,1,False,Blue,1.8,3.3,0.0,None,Dragon Pokémon
148,Dragonair,Dragon,,420,61,84,65,70,70,70,1,False,Blue,4.0,16.5,1.0,Dratini,Dragon Pokémon
149,Dragonite,Dragon,Flying,600,91,134,95,100,100,80,1,False,Brown,2.2,210.0,2.0,Dragonair,Dragon Pokémon
150,Mewtwo,Psychic,,680,106,110,90,154,90,130,1,True,Purple,2.0,122.0,0.0,None,Genetic Pokémon
151,Mew,Psychic,,600,100,100,100,100,100,100,2,True,Pink,0.4,4.0,0.0,None,New Species Pokémon
152,Chikorita,Grass,,318,45,49,65,49,65,45,2,False,Green,0.9,6.4,0.0,None,Leaf Pokémon
153,Bayleef,Grass,,405,60,62,80,63,80,60,2,False,Green,1.2,15.8,1.0,Chikorita,Leaf Pokémon
154,Meganium,Grass,,525,80,82,100,83,100,80,2,False,Green,1.8,100.5,2.0,Bayleef,Herb Pokémon
155,Cyndaquil,Fire,,309,39,52,43,60,50,65,2,False,Yellow,0.5,7.9,0.0,None,Fire Mouse Pokémon
156,Quilava,Fire,,405,58,64,58,80,65,80,2,False,Yellow,0.9,19.0,1.0,Cyndaquil,Volcano Pokémon
157,Typhlosion,Fire,,534,78,84,78,109,85,100,2,False,Yellow,1.7,79.5,2.0,Quilava,Volcano Pokémon
158,Totodile,Water,,314,50,65,64,44,48,43,2,False,Blue,0.6,9.5,0.0,None,Big Jaw Pokémon
159,Croconaw,Water,,405,65,80,80,59,63,58,2,False,Blue,1.1,25.0,1.0,Totodile,Big Jaw Pokémon
160,Feraligatr,Water,,530,85,105,100,79,83,78,2,False,Blue,2.3,88.8,2.0,Croconaw,Big Jaw Pokémon
161,Sentret,Normal,,215,35,46,34,35,45,20,2,False,Brown,0.8,6.0,0.0,None,Scout Pokémon
162,Furret,Normal,,415,85,76,64,45,55,90,2,False,Brown,1.8,32.5,1.0,Sentret,Long Body Pokémon
163,Hoothoot,Normal,Flying,262,60,30,30,36,56,50,2,False,Brown,0.7,21.2,0.0,None,Owl Pokémon
164,Noctowl,Normal,Flying,442,100,50,50,76,96,70,2,False,Brown,1.6,40.8,1.0,Hoothoot,Owl Pokémon
165,Ledyba,Bug,Flying,265,40,20,30,40,80,55,2,False,Red,1.0,10.8,0.0,None,Five Star Pokémon
166,Ledian,Bug,Flying,390,55,35,50,55,110,85,2,False,Red,1.4,35.6,1.0,Ledyba,Five Star Pokémon
167,Spinarak,Bug,Poison,250,40,60,40,40,40,30,2,False,Green,0.5,8.5,0.0,None,String Spit Pokémon
168,Ariados,Bug,Poison,390,70,90,70,60,60,40,2,False,Red,1.1,33.5,1.0,Spinarak,Long Leg Pokémon
169,Crobat,Poison,Flying,535,85,90,80,70,80,130,2,False,Purple,1.8,75.0,2.0,Golbat,Bat Pokémon
170,Chinchou,Water,Electric,330,75,38,38,56,56,67,2,False,Blue,0.5,12.0,0.0,None,Angler Pokémon
171,Lanturn,Water,Electric,460,125,58,58,76,76,67,2,False,Blue,1.2,22.5,1.0,Chinchou,Light Pokémon
172,Pichu,Electric,,205,20,40,15,35,35,60,2,False,Yellow,0.3,2.0,0.0,None,Tiny Mouse Pokémon
173,Cleffa,Fairy,,218,50,25,28,45,55,15,2,False,Pink,0.3,3.0,0.0,None,Star Shape Pokémon
174,Igglybuff,Normal,Fairy,210,90,30,15,40,20,15,2,False,Pink,0.3,1.0,0.0,None,Balloon Pokémon
175,Togepi,Fairy,,245,35,20,65,40,65,20,2,False,White,0.3,1.5,0.0,None,Spike Ball Pokémon
176,Togetic,Fairy,Flying,405,55,40,85,80,105,40,2,False,White,0.6,3.2,1.0,Togepi,Happiness Pokémon
177,Natu,Psychic,Flying,320,40,50,45,70,45,70,2,False,Green,0.2,2.0,0.0,None,Tiny Bird Pokémon
178,Xatu,Psychic,Flying,470,65,75,70,95,70,95,2,False,Green,1.5,15.0,1.0,Natu,Mystic Pokémon
179,Mareep,Electric,,280,55,40,40,65,45,35,2,False,White,0.6,7.8,0.0,None,Wool Pokémon
180,Flaaffy,Electric,,365,70,55,55,80,60,45,2,False,Pink,0.8,13.3,1.0,Mareep,Wool Pokémon
181,Ampharos,Electric,,500,90,75,75,115,90,55,2,False,Yellow,1.4,61.5,2.0,Flaaffy,Light Pokémon
182,Bellossom,Grass,,480,75,80,85,90,100,50,2,False,Green,0.4,5.8,0.0,None,Flower Pokémon
183,Marill,Water,Fairy,250,70,20,50,20,50,40,2,False,Blue,0.4,8.5,1.0,Azurill,Aqua Mouse Pokémon
184,Azumarill,Water,Fairy,410,100,50,80,50,80,50,2,False,Blue,0.8,28.5,2.0,Marill,Aqua Rabbit Pokémon
185,Sudowoodo,Rock,,410,70,100,115,30,65,30,2,False,Brown,1.2,38.0,1.0,Bonsly,Imitation Pokémon
186,Politoed,Water,,500,90,75,75,90,100,70,2,False,Green,1.1,33.9,2.0,Poliwhirl,Frog Pokémon
187,Hoppip,Grass,Flying,250,35,35,40,35,55,50,2,False,Pink,0.4,0.5,0.0,None,Cottonweed Pokémon
188,Skiploom,Grass,Flying,340,55,45,50,45,65,80,2,False,Green,0.6,1.0,1.0,Hoppip,Cottonweed Pokémon
189,Jumpluff,Grass,Flying,450,75,55,70,55,85,110,2,False,Blue,0.8,3.0,2.0,Skiploom,Cottonweed Pokémon
190,Aipom,Normal,,360,55,70,55,40,55,85,2,False,Purple,0.8,11.5,0.0,None,Long Tail Pokémon
191,Sunkern,Grass,,180,30,30,30,30,30,30,2,False,Yellow,0.3,1.8,0.0,None,Seed Pokémon
192,Sunflora,Grass,,425,75,75,55,105,85,30,2,False,Yellow,0.8,8.5,1.0,Sunkern,Sun Pokémon
193,Yanma,Bug,Flying,390,65,65,45,75,45,95,2,False,Red,1.2,38.0,0.0,None,Clear Wing Pokémon
194,Wooper,Water,Ground,210,55,45,45,25,25,15,2,False,Blue,0.4,8.5,0.0,None,Water Fish Pokémon
195,Quagsire,Water,Ground,430,95,85,85,65,65,35,2,False,Blue,1.4,75.0,1.0,Wooper,Water Fish Pokémon
196,Espeon,Psychic,,525,65,65,60,130,95,110,2,False,Purple,0.9,26.5,1.0,Eevee,Sun Pokémon
197,Umbreon,Dark,,525,95,65,110,60,130,65,2,False,Black,1.0,27.0,1.0,Eevee,Moonlight Pokémon
198,Murkrow,Dark,Flying,405,60,85,42,85,42,91,2,False,Black,0.5,2.1,0.0,None,Darkness Pokémon
199,Slowking,Water,Psychic,490,95,75,80,100,110,30,2,False,Pink,2.0,79.5,1.0,Slowpoke,Royal Pokémon
200,Misdreavus,Ghost,,435,60,60,60,85,85,85,2,False,Gray,0.7,1.0,0.0,None,Screech Pokémon
201,Unown,Psychic,,336,48,72,48,72,48,48,2,False,Black,0.5,5.0,0.0,None,Symbol Pokémon
202,Wobbuffet,Psychic,,405,190,33,58,33,58,33,2,False,Blue,1.3,28.5,0.0,None,Patient Pokémon
203,Girafarig,Normal,Psychic,455,70,80,65,90,65,85,2,False,Yellow,1.5,41.5,0.0,None,Long Neck Pokémon
204,Pineco,Bug,,290,50,65,90,35,35,15,2,False,Gray,0.6,7.2,0.0,None,Bagworm Pokémon
205,Forretress,Bug,Steel,465,75,90,140,60,60,40,2,False,Purple,1.2,125.8,1.0,Pineco,Bagworm Pokémon
206,Dunsparce,Normal,,415,100,70,70,65,65,45,2,False,Yellow,1.5,14.0,0.0,None,Land Snake Pokémon
207,Gligar,Ground,Flying,430,65,75,105,35,65,85,2,False,Purple,1.1,64.8,0.0,None,FlyScorpion Pokémon
208,Steelix,Steel,Ground,510,75,85,200,55,65,30,2,False,Gray,9.2,400.0,1.0,Onix,Iron Snake Pokémon
209,Snubbull,Fairy,,300,60,80,50,40,40,30,2,False,Pink,0.6,7.8,0.0,None,Fairy Pokémon
210,Granbull,Fairy,,450,90,120,75,60,60,45,2,False,Purple,1.4,48.7,1.0,Snubbull,Fairy Pokémon
211,Qwilfish,Water,Poison,430,65,95,75,55,55,85,2,False,Gray,0.5,3.9,0.0,None,Balloon Pokémon
212,Scizor,Bug,Steel,500,70,130,100,55,80,65,2,False,Red,1.8,118.0,1.0,Scyther,Pincer Pokémon
213,Shuckle,Bug,Rock,505,20,10,230,10,230,5,2,False,Yellow,0.6,20.5,0.0,None,Mold Pokémon
214,Heracross,Bug,Fighting,500,80,125,75,40,95,85,2,False,Blue,1.5,54.0,0.0,None,Single Horn Pokémon
215,Sneasel,Dark,Ice,430,55,95,55,35,75,115,2,False,Black,0.9,28.0,0.0,None,Sharp Claw Pokémon
216,Teddiursa,Normal,,330,60,80,50,50,50,40,2,False,Brown,0.6,8.8,0.0,None,Little Bear Pokémon
217,Ursaring,Normal,,500,90,130,75,75,75,55,2,False,Brown,1.8,125.8,1.0,Teddiursa,Hibernator Pokémon
218,Slugma,Fire,,250,40,40,40,70,40,20,2,False,Red,0.7,35.0,0.0,None,Lava Pokémon
219,Magcargo,Fire,Rock,410,50,50,120,80,80,30,2,False,Red,0.8,55.0,1.0,Slugma,Lava Pokémon
220,Swinub,Ice,Ground,250,50,50,40,30,30,50,2,False,Brown,0.4,6.5,0.0,None,Pig Pokémon
221,Piloswine,Ice,Ground,450,100,100,80,60,60,50,2,False,Brown,1.1,55.8,1.0,Swinub,Swine Pokémon
222,Corsola,Water,Rock,380,55,55,85,65,85,35,2,False,Pink,0.6,5.0,0.0,None,Coral Pokémon
223,Remoraid,Water,,300,35,65,35,65,35,65,2,False,Gray,0.6,12.0,0.0,None,Jet Pokémon
224,Octillery,Water,,480,75,105,75,105,75,45,2,False,Red,0.9,28.5,1.0,Remoraid,Jet Pokémon
225,Delibird,Ice,Flying,330,45,55,45,65,45,75,2,False,Red,0.9,16.0,0.0,None,Delivery Pokémon
226,Mantine,Water,Flying,465,65,40,70,80,140,70,2,False,Purple,2.1,220.0,0.0,None,Kite Pokémon
227,Skarmory,Steel,Flying,465,65,80,140,40,70,70,2,False,Gray,1.7,50.5,0.0,None,Armor Bird Pokémon
228,Houndour,Dark,Fire,330,45,60,30,80,50,65,2,False,Black,0.6,10.8,0.0,None,Dark Pokémon
229,Houndoom,Dark,Fire,500,75,90,50,110,80,95,2,False,Black,1.4,35.0,1.0,Houndour,Dark Pokémon
230,Kingdra,Water,Dragon,540,75,95,95,95,95,85,2,False,Blue,1.8,152.0,2.0,Seadra,Dragon Pokémon
231,Phanpy,Ground,,330,90,60,60,40,40,40,2,False,Blue,0.5,33.5,0.0,None,Long Nose Pokémon
232,Donphan,Ground,,500,90,120,120,60,60,50,2,False,Gray,1.1,120.0,1.0,Phanpy,Armor Pokémon
233,Porygon2,Normal,,515,85,80,90,105,95,60,2,False,Red,0.6,32.5,1.0,Porygon,Virtual Pokémon
234,Stantler,Normal,,465,73,95,62,85,65,85,2,False,Brown,1.4,71.2,0.0,None,Big Horn Pokémon
235,Smeargle,Normal,,250,55,20,35,20,45,75,2,False,White,1.2,58.0,0.0,None,Painter Pokémon
236,Tyrogue,Fighting,,210,35,35,35,35,35,35,2,False,Purple,0.7,21.0,0.0,None,Scuffle Pokémon
237,Hitmontop,Fighting,,455,50,95,95,35,110,70,2,False,Brown,1.4,48.0,1.0,Tyrogue,Handstand Pokémon
238,Smoochum,Ice,Psychic,305,45,30,15,85,65,65,2,False,Pink,0.4,6.0,0.0,None,Kiss Pokémon
239,Elekid,Electric,,360,45,63,37,65,55,95,2,False,Yellow,0.6,23.5,0.0,None,Electric Pokémon
240,Magby,Fire,,365,45,75,37,70,55,83,2,False,Red,0.7,21.4,0.0,None,Live Coal Pokémon
241,Miltank,Normal,,490,95,80,105,40,70,100,2,False,Pink,1.2,75.5,0.0,None,Milk Cow Pokémon
242,Blissey,Normal,,540,255,10,10,75,135,55,2,False,Pink,1.5,46.8,2.0,Chansey,Happiness Pokémon
243,Raikou,Electric,,580,90,85,75,115,100,115,2,True,Yellow,1.9,178.0,0.0,None,Thunder Pokémon
244,Entei,Fire,,580,115,115,85,90,75,100,2,True,Brown,2.1,198.0,0.0,None,Volcano Pokémon
245,Suicune,Water,,580,100,75,115,90,115,85,2,True,Blue,2.0,187.0,0.0,None,Aurora Pokémon
246,Larvitar,Rock,Ground,300,50,64,50,45,50,41,2,False,Green,0.6,72.0,0.0,None,Rock Skin Pokémon
247,Pupitar,Rock,Ground,410,70,84,70,65,70,51,2,False,Gray,1.2,152.0,1.0,Larvitar,Hard Shell Pokémon
248,Tyranitar,Rock,Dark,600,100,134,110,95,100,61,2,False,Green,2.0,202.0,2.0,Pupitar,Armor Pokémon
249,Lugia,Psychic,Flying,680,106,90,130,90,154,110,2,True,White,5.2,216.0,0.0,None,Diving Pokémon
250,Ho-Oh,Fire,Flying,680,106,130,90,110,154,90,2,True,Red,3.8,199.0,0.0,None,Rainbow Pokémon
251,Celebi,Psychic,Grass,600,100,100,100,100,100,100,3,True,Green,0.6,5.0,0.0,None,Time Travel Pokémon
252,Treecko,Grass,,310,40,45,35,65,55,70,3,False,Green,0.5,5.0,0.0,None,Wood Gecko Pokémon
253,Grovyle,Grass,,405,50,65,45,85,65,95,3,False,Green,0.9,21.6,1.0,Treecko,Wood Gecko Pokémon
254,Sceptile,Grass,,530,70,85,65,105,85,120,3,False,Green,1.7,52.2,2.0,Grovyle,Forest Pokémon
255,Torchic,Fire,,310,45,60,40,70,50,45,3,False,Red,0.4,2.5,0.0,None,Chick Pokémon
256,Combusken,Fire,Fighting,405,60,85,60,85,60,55,3,False,Red,0.9,19.5,1.0,Torchic,Young Fowl Pokémon
257,Blaziken,Fire,Fighting,530,80,120,70,110,70,80,3,False,Red,1.9,52.0,2.0,Combusken,Blaze Pokémon
258,Mudkip,Water,,310,50,70,50,50,50,40,3,False,Blue,0.4,7.6,0.0,None,Mud Fish Pokémon
259,Marshtomp,Water,Ground,405,70,85,70,60,70,50,3,False,Blue,0.7,28.0,1.0,Mudkip,Mud Fish Pokémon
260,Swampert,Water,Ground,535,100,110,90,85,90,60,3,False,Blue,1.5,81.9,2.0,Marshtomp,Mud Fish Pokémon
261,Poochyena,Dark,,220,35,55,35,30,30,35,3,False,Gray,0.5,13.6,0.0,None,Bite Pokémon
262,Mightyena,Dark,,420,70,90,70,60,60,70,3,False,Gray,1.0,37.0,1.0,Poochyena,Bite Pokémon
263,Zigzagoon,Normal,,240,38,30,41,30,41,60,3,False,Brown,0.4,17.5,0.0,None,TinyRaccoon Pokémon
264,Linoone,Normal,,420,78,70,61,50,61,100,3,False,White,0.5,32.5,1.0,Zigzagoon,Rushing Pokémon
265,Wurmple,Bug,,195,45,45,35,20,30,20,3,False,Red,0.3,3.6,0.0,None,Worm Pokémon
266,Silcoon,Bug,,205,50,35,55,25,25,15,3,False,White,0.6,10.0,1.0,Wurmple,Cocoon Pokémon
267,Beautifly,Bug,Flying,385,60,70,50,90,50,65,3,False,Yellow,1.0,28.4,2.0,Silcoon,Butterfly Pokémon
268,Cascoon,Bug,,205,50,35,55,25,25,15,3,False,Purple,0.7,11.5,1.0,Wurmple,Cocoon Pokémon
269,Dustox,Bug,Poison,385,60,50,70,50,90,65,3,False,Green,1.2,31.6,2.0,Cascoon,Poison Moth Pokémon
270,Lotad,Water,Grass,220,40,30,30,40,50,30,3,False,Green,0.5,2.6,0.0,None,Water Weed Pokémon
271,Lombre,Water,Grass,340,60,50,50,60,70,50,3,False,Green,1.2,32.5,1.0,Lotad,Jolly Pokémon
272,Ludicolo,Water,Grass,480,80,70,70,90,100,70,3,False,Green,1.5,55.0,2.0,Lombre,Carefree Pokémon
273,Seedot,Grass,,220,40,40,50,30,30,30,3,False,Brown,0.5,4.0,0.0,None,Acorn Pokémon
274,Nuzleaf,Grass,Dark,340,70,70,40,60,40,60,3,False,Brown,1.0,28.0,1.0,Seedot,Wily Pokémon
275,Shiftry,Grass,Dark,480,90,100,60,90,60,80,3,False,Brown,1.3,59.6,2.0,Nuzleaf,Wicked Pokémon
276,Taillow,Normal,Flying,270,40,55,30,30,30,85,3,False,Blue,0.3,2.3,0.0,None,TinySwallow Pokémon
277,Swellow,Normal,Flying,430,60,85,60,50,50,125,3,False,Blue,0.7,19.8,1.0,Taillow,Swallow Pokémon
278,Wingull,Water,Flying,270,40,30,30,55,30,85,3,False,White,0.6,9.5,0.0,None,Seagull Pokémon
279,Pelipper,Water,Flying,430,60,50,100,85,70,65,3,False,Yellow,1.2,28.0,1.0,Wingull,Water Bird Pokémon
280,Ralts,Psychic,Fairy,198,28,25,25,45,35,40,3,False,White,0.4,6.6,0.0,None,Feeling Pokémon
281,Kirlia,Psychic,Fairy,278,38,35,35,65,55,50,3,False,White,0.8,20.2,1.0,Ralts,Emotion Pokémon
282,Gardevoir,Psychic,Fairy,518,68,65,65,125,115,80,3,False,White,1.6,48.4,2.0,Kirlia,Embrace Pokémon
283,Surskit,Bug,Water,269,40,30,32,50,52,65,3,False,Blue,0.5,1.7,0.0,None,Pond Skater Pokémon
284,Masquerain,Bug,Flying,414,70,60,62,80,82,60,3,False,Blue,0.8,3.6,1.0,Surskit,Eyeball Pokémon
285,Shroomish,Grass,,295,60,40,60,40,60,35,3,False,Brown,0.4,4.5,0.0,None,Mushroom Pokémon
286,Breloom,Grass,Fighting,460,60,130,80,60,60,70,3,False,Green,1.2,39.2,1.0,Shroomish,Mushroom Pokémon
287,Slakoth,Normal,,280,60,60,60,35,35,30,3,False,Brown,0.8,24.0,0.0,None,Slacker Pokémon
288,Vigoroth,Normal,,440,80,80,80,55,55,90,3,False,White,1.4,46.5,1.0,Slakoth,Wild Monkey Pokémon
289,Slaking,Normal,,670,150,160,100,95,65,100,3,False,Brown,2.0,130.5,2.0,Vigoroth,Lazy Pokémon
290,Nincada,Bug,Ground,266,31,45,90,30,30,40,3,False,Gray,0.5,5.5,0.0,None,Trainee Pokémon
291,Ninjask,Bug,Flying,456,61,90,45,50,50,160,3,False,Yellow,0.8,12.0,1.0,Nincada,Ninja Pokémon
292,Shedinja,Bug,Ghost,236,1,90,45,30,30,40,3,False,Brown,0.8,1.2,1.0,Nincada,Shed Pokémon
293,Whismur,Normal,,240,64,51,23,51,23,28,3,False,Pink,0.6,16.3,0.0,None,Whisper Pokémon
294,Loudred,Normal,,360,84,71,43,71,43,48,3,False,Blue,1.0,40.5,1.0,Whismur,Big Voice Pokémon
295,Exploud,Normal,,480,104,91,63,91,63,68,3,False,Blue,1.5,84.0,2.0,Loudred,Loud Noise Pokémon
296,Makuhita,Fighting,,237,72,60,30,20,30,25,3,False,Yellow,1.0,86.4,0.0,None,Guts Pokémon
297,Hariyama,Fighting,,474,144,120,60,40,60,50,3,False,Brown,2.3,253.8,1.0,Makuhita,Arm Thrust Pokémon
298,Azurill,Normal,Fairy,190,50,20,40,20,40,20,3,False,Blue,0.2,2.0,0.0,None,Polka Dot Pokémon
299,Nosepass,Rock,,375,30,45,135,45,90,30,3,False,Gray,1.0,97.0,0.0,None,Compass Pokémon
300,Skitty,Normal,,260,50,45,45,35,35,50,3,False,Pink,0.6,11.0,0.0,None,Kitten Pokémon
301,Delcatty,Normal,,380,70,65,65,55,55,70,3,False,Purple,1.1,32.6,1.0,Skitty,Prim Pokémon
302,Sableye,Dark,Ghost,380,50,75,75,65,65,50,3,False,Purple,0.5,11.0,0.0,None,Darkness Pokémon
303,Mawile,Steel,Fairy,380,50,85,85,55,55,50,3,False,Black,0.6,11.5,0.0,None,Deceiver Pokémon
304,Aron,Steel,Rock,330,50,70,100,40,40,30,3,False,Gray,0.4,60.0,0.0,None,Iron Armor Pokémon
305,Lairon,Steel,Rock,430,60,90,140,50,50,40,3,False,Gray,0.9,120.0,1.0,Aron,Iron Armor Pokémon
306,Aggron,Steel,Rock,530,70,110,180,60,60,50,3,False,Gray,2.1,360.0,2.0,Lairon,Iron Armor Pokémon
307,Meditite,Fighting,Psychic,280,30,40,55,40,55,60,3,False,Blue,0.6,11.2,0.0,None,Meditate Pokémon
308,Medicham,Fighting,Psychic,410,60,60,75,60,75,80,3,False,Red,1.3,31.5,1.0,Meditite,Meditate Pokémon
309,Electrike,Electric,,295,40,45,40,65,40,65,3,False,Green,0.6,15.2,0.0,None,Lightning Pokémon
310,Manectric,Electric,,475,70,75,60,105,60,105,3,False,Yellow,1.5,40.2,1.0,Electrike,Discharge Pokémon
311,Plusle,Electric,,405,60,50,40,85,75,95,3,False,Yellow,0.4,4.2,0.0,None,Cheering Pokémon
312,Minun,Electric,,405,60,40,50,75,85,95,3,False,Yellow,0.4,4.2,0.0,None,Cheering Pokémon
313,Volbeat,Bug,,400,65,73,55,47,75,85,3,False,Gray,0.7,17.7,0.0,None,Firefly Pokémon
314,Illumise,Bug,,400,65,47,55,73,75,85,3,False,Purple,0.6,17.7,0.0,None,Firefly Pokémon
315,Roselia,Grass,Poison,400,50,60,45,100,80,65,3,False,Green,0.3,2.0,1.0,Budew,Thorn Pokémon
316,Gulpin,Poison,,302,70,43,53,43,53,40,3,False,Green,0.4,10.3,0.0,None,Stomach Pokémon
317,Swalot,Poison,,467,100,73,83,73,83,55,3,False,Purple,1.7,80.0,1.0,Gulpin,Poison Bag Pokémon
318,Carvanha,Water,Dark,305,45,90,20,65,20,65,3,False,Red,0.8,20.8,0.0,None,Savage Pokémon
319,Sharpedo,Water,Dark,460,70,120,40,95,40,95,3,False,Blue,1.8,88.8,1.0,Carvanha,Brutal Pokémon
320,Wailmer,Water,,400,130,70,35,70,35,60,3,False,Blue,2.0,130.0,0.0,None,Ball Whale Pokémon
321,Wailord,Water,,500,170,90,45,90,45,60,3,False,Blue,14.5,398.0,1.0,Wailmer,Float Whale Pokémon
322,Numel,Fire,Ground,305,60,60,40,65,45,35,3,False,Yellow,0.7,24.0,0.0,None,Numb Pokémon
323,Camerupt,Fire,Ground,460,70,100,70,105,75,40,3,False,Red,1.9,220.0,1.0,Numel,Eruption Pokémon
324,Torkoal,Fire,,470,70,85,140,85,70,20,3,False,Brown,0.5,80.4,0.0,None,Coal Pokémon
325,Spoink,Psychic,,330,60,25,35,70,80,60,3,False,Black,0.7,30.6,0.0,None,Bounce Pokémon
326,Grumpig,Psychic,,470,80,45,65,90,110,80,3,False,Purple,0.9,71.5,1.0,Spoink,Manipulate Pokémon
327,Spinda,Normal,,360,60,60,60,60,60,60,3,False,Brown,1.1,5.0,0.0,None,Spot Panda Pokémon
328,Trapinch,Ground,,290,45,100,45,45,45,10,3,False,Brown,0.7,15.0,0.0,None,Ant Pit Pokémon
329,Vibrava,Ground,Dragon,340,50,70,50,50,50,70,3,False,Green,1.1,15.3,1.0,Trapinch,Vibration Pokémon
330,Flygon,Ground,Dragon,520,80,100,80,80,80,100,3,False,Green,2.0,82.0,2.0,Vibrava,Mystic Pokémon
331,Cacnea,Grass,,335,50,85,40,85,40,35,3,False,Green,0.4,51.3,0.0,None,Cactus Pokémon
332,Cacturne,Grass,Dark,475,70,115,60,115,60,55,3,False,Green,1.3,77.4,1.0,Cacnea,Scarecrow Pokémon
333,Swablu,Normal,Flying,310,45,40,60,40,75,50,3,False,Blue,0.4,1.2,0.0,None,Cotton Bird Pokémon
334,Altaria,Dragon,Flying,490,75,70,90,70,105,80,3,False,Blue,1.1,20.6,1.0,Swablu,Humming Pokémon
335,Zangoose,Normal,,458,73,115,60,60,60,90,3,False,White,1.3,40.3,0.0,None,Cat Ferret Pokémon
336,Seviper,Poison,,458,73,100,60,100,60,65,3,False,Black,2.7,52.5,0.0,None,Fang Snake Pokémon
337,Lunatone,Rock,Psychic,440,70,55,65,95,85,70,3,False,Yellow,1.0,168.0,0.0,None,Meteorite Pokémon
338,Solrock,Rock,Psychic,440,70,95,85,55,65,70,3,False,Red,1.2,154.0,0.0,None,Meteorite Pokémon
339,Barboach,Water,Ground,288,50,48,43,46,41,60,3,False,Gray,0.4,1.9,0.0,None,Whiskers Pokémon
340,Whiscash,Water,Ground,468,110,78,73,76,71,60,3,False,Blue,0.9,23.6,1.0,Barboach,Whiskers Pokémon
341,Corphish,Water,,308,43,80,65,50,35,35,3,False,Red,0.6,11.5,0.0,None,Ruffian Pokémon
342,Crawdaunt,Water,Dark,468,63,120,85,90,55,55,3,False,Red,1.1,32.8,1.0,Corphish,Rogue Pokémon
343,Baltoy,Ground,Psychic,300,40,40,55,40,70,55,3,False,Brown,0.5,21.5,0.0,None,Clay Doll Pokémon
344,Claydol,Ground,Psychic,500,60,70,105,70,120,75,3,False,Black,1.5,108.0,1.0,Baltoy,Clay Doll Pokémon
345,Lileep,Rock,Grass,355,66,41,77,61,87,23,3,False,Purple,1.0,23.8,0.0,None,Sea Lily Pokémon
346,Cradily,Rock,Grass,495,86,81,97,81,107,43,3,False,Green,1.5,60.4,1.0,Lileep,Barnacle Pokémon
347,Anorith,Rock,Bug,355,45,95,50,40,50,75,3,False,Gray,0.7,12.5,0.0,None,Old Shrimp Pokémon
348,Armaldo,Rock,Bug,495,75,125,100,70,80,45,3,False,Gray,1.5,68.2,1.0,Anorith,Plate Pokémon
349,Feebas,Water,,200,20,15,20,10,55,80,3,False,Brown,0.6,7.4,0.0,None,Fish Pokémon
350,Milotic,Water,,540,95,60,79,100,125,81,3,False,Pink,6.2,162.0,1.0,Feebas,Tender Pokémon
351,Castform,Normal,,420,70,70,70,70,70,70,3,False,Gray,0.3,0.8,0.0,None,Weather Pokémon
352,Kecleon,Normal,,440,60,90,70,60,120,40,3,False,Green,1.0,22.0,0.0,None,Color Swap Pokémon
353,Shuppet,Ghost,,295,44,75,35,63,33,45,3,False,Black,0.6,2.3,0.0,None,Puppet Pokémon
354,Banette,Ghost,,455,64,115,65,83,63,65,3,False,Black,1.1,12.5,1.0,Shuppet,Marionette Pokémon
355,Duskull,Ghost,,295,20,40,90,30,90,25,3,False,Black,0.8,15.0,0.0,None,Requiem Pokémon
356,Dusclops,Ghost,,455,40,70,130,60,130,25,3,False,Black,1.6,30.6,1.0,Duskull,Beckon Pokémon
357,Tropius,Grass,Flying,460,99,68,83,72,87,51,3,False,Green,2.0,100.0,0.0,None,Fruit Pokémon
358,Chimecho,Psychic,,425,65,50,70,95,80,65,3,False,Blue,0.6,1.0,1.0,Chingling,Wind Chime Pokémon
359,Absol,Dark,,465,65,130,60,75,60,75,3,False,White,1.2,47.0,0.0,None,Disaster Pokémon
360,Wynaut,Psychic,,260,95,23,48,23,48,23,3,False,Blue,0.6,14.0,0.0,None,Bright Pokémon
361,Snorunt,Ice,,300,50,50,50,50,50,50,3,False,Gray,0.7,16.8,0.0,None,Snow Hat Pokémon
362,Glalie,Ice,,480,80,80,80,80,80,80,3,False,Gray,1.5,256.5,1.0,Snorunt,Face Pokémon
363,Spheal,Ice,Water,290,70,40,50,55,50,25,3,False,Blue,0.8,39.5,0.0,None,Clap Pokémon
364,Sealeo,Ice,Water,410,90,60,70,75,70,45,3,False,Blue,1.1,87.6,1.0,Spheal,Ball Roll Pokémon
365,Walrein,Ice,Water,530,110,80,90,95,90,65,3,False,Blue,1.4,150.6,1.0,Sealeo,Ice Break Pokémon
366,Clamperl,Water,,345,35,64,85,74,55,32,3,False,Blue,0.4,52.5,0.0,None,Bivalve Pokémon
367,Huntail,Water,,485,55,104,105,94,75,52,3,False,Blue,1.7,27.0,1.0,Clamperl,Deep Sea Pokémon
368,Gorebyss,Water,,485,55,84,105,114,75,52,3,False,Pink,1.8,22.6,1.0,Clamperl,South Sea Pokémon
369,Relicanth,Water,Rock,485,100,90,130,45,65,55,3,False,Gray,1.0,23.4,0.0,None,Longevity Pokémon
370,Luvdisc,Water,,330,43,30,55,40,65,97,3,False,Pink,0.6,8.7,0.0,None,Rendezvous Pokémon
371,Bagon,Dragon,,300,45,75,60,40,30,50,3,False,Blue,0.6,42.1,0.0,None,Rock Head Pokémon
372,Shelgon,Dragon,,420,65,95,100,60,50,50,3,False,White,1.1,110.5,1.0,Bagon,Endurance Pokémon
373,Salamence,Dragon,Flying,600,95,135,80,110,80,100,3,False,Blue,1.5,102.6,2.0,Shelgon,Dragon Pokémon
374,Beldum,Steel,Psychic,300,40,55,80,35,60,30,3,False,Blue,0.6,95.2,0.0,None,Iron Ball Pokémon
375,Metang,Steel,Psychic,420,60,75,100,55,80,50,3,False,Blue,1.2,202.5,1.0,Beldum,Iron Claw Pokémon
376,Metagross,Steel,Psychic,600,80,135,130,95,90,70,3,False,Blue,1.6,550.0,2.0,Metang,Iron Leg Pokémon
377,Regirock,Rock,,580,80,100,200,50,100,50,3,True,Brown,1.7,230.0,0.0,None,Rock Peak Pokémon
378,Regice,Ice,,580,80,50,100,100,200,50,3,True,Blue,1.8,175.0,0.0,None,Iceberg Pokémon
379,Registeel,Steel,,580,80,75,150,75,150,50,3,True,Gray,1.9,205.0,0.0,None,Iron Pokémon
380,Latias,Dragon,Psychic,600,80,80,90,110,130,110,3,True,Red,1.4,40.0,0.0,None,Eon Pokémon
381,Latios,Dragon,Psychic,600,80,90,80,130,110,110,3,True,Blue,2.0,60.0,0.0,None,Eon Pokémon
382,Kyogre,Water,,670,100,100,90,150,140,90,3,True,Blue,4.5,352.0,0.0,None,Sea Basin Pokémon
383,Groudon,Ground,,670,100,150,140,100,90,90,3,True,Red,3.5,950.0,0.0,None,Continent Pokémon
384,Rayquaza,Dragon,Flying,680,105,150,90,150,90,95,3,True,Green,7.0,206.5,0.0,None,Sky High Pokémon
385,Jirachi,Steel,Psychic,600,100,100,100,100,100,100,3,True,Yellow,0.3,1.1,0.0,None,Wish Pokémon
386,Deoxys,Psychic,,600,50,150,50,150,50,150,4,True,Red,1.7,60.8,0.0,None,DNA Pokémon
387,Turtwig,Grass,,318,55,68,64,45,55,31,4,False,Green,0.4,10.2,0.0,None,Tiny Leaf Pokémon
388,Grotle,Grass,,405,75,89,85,55,65,36,4,False,Green,1.1,97.0,1.0,Turtwig,Grove Pokémon
389,Torterra,Grass,Ground,525,95,109,105,75,85,56,4,False,Green,2.2,310.0,2.0,Grotle,Continent Pokémon
390,Chimchar,Fire,,309,44,58,44,58,44,61,4,False,Brown,0.5,6.2,0.0,None,Chimp Pokémon
391,Monferno,Fire,Fighting,405,64,78,52,78,52,81,4,False,Brown,0.9,22.0,1.0,Chimchar,Playful Pokémon
392,Infernape,Fire,Fighting,534,76,104,71,104,71,108,4,False,Brown,1.2,55.0,2.0,Monferno,Flame Pokémon
393,Piplup,Water,,314,53,51,53,61,56,40,4,False,Blue,0.4,5.2,0.0,None,Penguin Pokémon
394,Prinplup,Water,,405,64,66,68,81,76,50,4,False,Blue,0.8,23.0,1.0,Piplup,Penguin Pokémon
395,Empoleon,Water,Steel,530,84,86,88,111,101,60,4,False,Blue,1.7,84.5,2.0,Prinplup,Emperor Pokémon
396,Starly,Normal,Flying,245,40,55,30,30,30,60,4,False,Brown,0.3,2.0,0.0,None,Starling Pokémon
397,Staravia,Normal,Flying,340,55,75,50,40,40,80,4,False,Brown,0.6,15.5,1.0,Starly,Starling Pokémon
398,Staraptor,Normal,Flying,475,85,120,70,50,50,100,4,False,Brown,1.2,24.9,2.0,Staravia,Predator Pokémon
399,Bidoof,Normal,,250,59,45,40,35,40,31,4,False,Brown,0.5,20.0,0.0,None,Plump Mouse Pokémon
400,Bibarel,Normal,Water,410,79,85,60,55,60,71,4,False,Brown,1.0,31.5,1.0,Bidoof,Beaver Pokémon
401,Kricketot,Bug,,194,37,25,41,25,41,25,4,False,Red,0.3,2.2,0.0,None,Cricket Pokémon
402,Kricketune,Bug,,384,77,85,51,55,51,65,4,False,Red,1.0,25.5,1.0,Kricketot,Cricket Pokémon
403,Shinx,Electric,,263,45,65,34,40,34,45,4,False,Blue,0.5,9.5,0.0,None,Flash Pokémon
404,Luxio,Electric,,363,60,85,49,60,49,60,4,False,Blue,0.9,30.5,1.0,Shinx,Spark Pokémon
405,Luxray,Electric,,523,80,120,79,95,79,70,4,False,Blue,1.4,42.0,2.0,Luxio,Gleam Eyes Pokémon
406,Budew,Grass,Poison,280,40,30,35,50,70,55,4,False,Green,0.2,1.2,0.0,None,Bud Pokémon
407,Roserade,Grass,Poison,505,60,70,55,125,105,90,4,False,Green,0.9,14.5,2.0,Roselia,Bouquet Pokémon
408,Cranidos,Rock,,350,67,125,40,30,30,58,4,False,Blue,0.9,31.5,0.0,None,Head Butt Pokémon
409,Rampardos,Rock,,495,97,165,60,65,50,58,4,False,Blue,1.6,102.5,1.0,Cranidos,Head Butt Pokémon
410,Shieldon,Rock,Steel,350,30,42,118,42,88,30,4,False,Gray,0.5,57.0,0.0,None,Shield Pokémon
411,Bastiodon,Rock,Steel,495,60,52,168,47,138,30,4,False,Gray,1.3,149.5,1.0,Shieldon,Shield Pokémon
412,Burmy,Bug,,224,40,29,45,29,45,36,4,False,Green,0.2,3.4,0.0,None,Bagworm Pokémon
413,Wormadam,Bug,Grass,424,60,59,85,79,105,36,4,False,Green,0.5,6.5,1.0,Burmy,Bagworm Pokémon
414,Mothim,Bug,Flying,424,70,94,50,94,50,66,4,False,Yellow,0.9,23.3,1.0,Burmy,Moth Pokémon
415,Combee,Bug,Flying,244,30,30,42,30,42,70,4,False,Yellow,0.3,5.5,0.0,None,Tiny Bee Pokémon
416,Vespiquen,Bug,Flying,474,70,80,102,80,102,40,4,False,Yellow,1.2,38.5,1.0,Combee,Beehive Pokémon
417,Pachirisu,Electric,,405,60,45,70,45,90,95,4,False,White,0.4,3.9,0.0,None,EleSquirrel Pokémon
418,Buizel,Water,,330,55,65,35,60,30,85,4,False,Brown,0.7,29.5,0.0,None,Sea Weasel Pokémon
419,Floatzel,Water,,495,85,105,55,85,50,115,4,False,Brown,1.1,33.5,1.0,Buizel,Sea Weasel Pokémon
420,Cherubi,Grass,,275,45,35,45,62,53,35,4,False,Pink,0.4,3.3,0.0,None,Cherry Pokémon
421,Cherrim,Grass,,450,70,60,70,87,78,85,4,False,Purple,0.5,9.3,1.0,Cherubi,Blossom Pokémon
422,Shellos,Water,,325,76,48,48,57,62,34,4,False,Purple,0.3,6.3,0.0,None,Sea Slug Pokémon
423,Gastrodon,Water,Ground,475,111,83,68,92,82,39,4,False,Purple,0.9,29.9,1.0,Shellos,Sea Slug Pokémon
424,Ambipom,Normal,,482,75,100,66,60,66,115,4,False,Purple,1.2,20.3,1.0,Aipom,Long Tail Pokémon
425,Drifloon,Ghost,Flying,348,90,50,34,60,44,70,4,False,Purple,0.4,1.2,0.0,None,Balloon Pokémon
426,Drifblim,Ghost,Flying,498,150,80,44,90,54,80,4,False,Purple,1.2,15.0,1.0,Drifloon,Blimp Pokémon
427,Buneary,Normal,,350,55,66,44,44,56,85,4,False,Brown,0.4,5.5,0.0,None,Rabbit Pokémon
428,Lopunny,Normal,,480,65,76,84,54,96,105,4,False,Brown,1.2,33.3,1.0,Buneary,Rabbit Pokémon
429,Mismagius,Ghost,,495,60,60,60,105,105,105,4,False,Purple,0.9,4.4,1.0,Misdreavus,Magical Pokémon
430,Honchkrow,Dark,Flying,505,100,125,52,105,52,71,4,False,Black,0.9,27.3,1.0,Murkrow,Big Boss Pokémon
431,Glameow,Normal,,310,49,55,42,42,37,85,4,False,Gray,0.5,3.9,0.0,None,Catty Pokémon
432,Purugly,Normal,,452,71,82,64,64,59,112,4,False,Gray,1.0,43.8,1.0,Glameow,Tiger Cat Pokémon
433,Chingling,Psychic,,285,45,30,50,65,50,45,4,False,Yellow,0.2,0.6,0.0,None,Bell Pokémon
434,Stunky,Poison,Dark,329,63,63,47,41,41,74,4,False,Purple,0.4,19.2,0.0,None,Skunk Pokémon
435,Skuntank,Poison,Dark,479,103,93,67,71,61,84,4,False,Purple,1.0,38.0,1.0,Stunky,Skunk Pokémon
436,Bronzor,Steel,Psychic,300,57,24,86,24,86,23,4,False,Green,0.5,60.5,0.0,None,Bronze Pokémon
437,Bronzong,Steel,Psychic,500,67,89,116,79,116,33,4,False,Green,1.3,187.0,1.0,Bronzor,Bronze Bell Pokémon
438,Bonsly,Rock,,290,50,80,95,10,45,10,4,False,Brown,0.5,15.0,0.0,None,Bonsai Pokémon
439,Mime Jr.,Psychic,Fairy,310,20,25,45,70,90,60,4,False,Pink,0.6,13.0,0.0,None,Mime Pokémon
440,Happiny,Normal,,220,100,5,5,15,65,30,4,False,Pink,0.6,24.4,0.0,None,Playhouse Pokémon
441,Chatot,Normal,Flying,411,76,65,45,92,42,91,4,False,Black,0.5,1.9,0.0,None,Music Note Pokémon
442,Spiritomb,Ghost,Dark,485,50,92,108,92,108,35,4,False,Purple,1.0,108.0,0.0,None,Forbidden Pokémon
443,Gible,Dragon,Ground,300,58,70,45,40,45,42,4,False,Blue,0.7,20.5,0.0,None,Land Shark Pokémon
444,Gabite,Dragon,Ground,410,68,90,65,50,55,82,4,False,Blue,1.4,56.0,1.0,Gible,Cave Pokémon
445,Garchomp,Dragon,Ground,600,108,130,95,80,85,102,4,False,Blue,1.9,95.0,1.0,Gabite,Mach Pokémon
446,Munchlax,Normal,,390,135,85,40,40,85,5,4,False,Black,0.6,105.0,0.0,None,Big Eater Pokémon
447,Riolu,Fighting,,285,40,70,40,35,40,60,4,False,Blue,0.7,20.2,0.0,None,Emanation Pokémon
448,Lucario,Fighting,Steel,525,70,110,70,115,70,90,4,False,Blue,1.2,54.0,1.0,Riolu,Aura Pokémon
449,Hippopotas,Ground,,330,68,72,78,38,42,32,4,False,Brown,0.8,49.5,0.0,None,Hippo Pokémon
450,Hippowdon,Ground,,525,108,112,118,68,72,47,4,False,Brown,2.0,300.0,1.0,Hippopotas,Heavyweight Pokémon
451,Skorupi,Poison,Bug,330,40,50,90,30,55,65,4,False,Purple,0.8,12.0,0.0,None,Scorpion Pokémon
452,Drapion,Poison,Dark,500,70,90,110,60,75,95,4,False,Purple,1.3,61.5,1.0,Skorupi,Ogre Scorp Pokémon
453,Croagunk,Poison,Fighting,300,48,61,40,61,40,50,4,False,Blue,0.7,23.0,0.0,None,Toxic Mouth Pokémon
454,Toxicroak,Poison,Fighting,490,83,106,65,86,65,85,4,False,Blue,1.3,44.4,1.0,Croagunk,Toxic Mouth Pokémon
455,Carnivine,Grass,,454,74,100,72,90,72,46,4,False,Green,1.4,27.0,0.0,None,Bug Catcher Pokémon
456,Finneon,Water,,330,49,49,56,49,61,66,4,False,Blue,0.4,7.0,0.0,None,Wing Fish Pokémon
457,Lumineon,Water,,460,69,69,76,69,86,91,4,False,Blue,1.2,24.0,1.0,Finneon,Neon Pokémon
458,Mantyke,Water,Flying,345,45,20,50,60,120,50,4,False,Blue,1.0,65.0,0.0,None,Kite Pokémon
459,Snover,Grass,Ice,334,60,62,50,62,60,40,4,False,White,1.0,50.5,0.0,None,Frost Tree Pokémon
460,Abomasnow,Grass,Ice,494,90,92,75,92,85,60,4,False,White,2.2,135.5,1.0,Snover,Frost Tree Pokémon
461,Weavile,Dark,Ice,510,70,120,65,45,85,125,4,False,Black,1.1,34.0,1.0,Sneasel,Sharp Claw Pokémon
462,Magnezone,Electric,Steel,535,70,70,115,130,90,60,4,False,Gray,1.2,180.0,2.0,Magneton,Magnet Area Pokémon
463,Lickilicky,Normal,,515,110,85,95,80,95,50,4,False,Pink,1.7,140.0,1.0,Lickitung,Licking Pokémon
464,Rhyperior,Ground,Rock,535,115,140,130,55,55,40,4,False,Gray,2.4,282.8,2.0,Rhydon,Drill Pokémon
465,Tangrowth,Grass,,535,100,100,125,110,50,50,4,False,Blue,2.0,128.6,1.0,Tangela,Vine Pokémon
466,Electivire,Electric,,540,75,123,67,95,85,95,4,False,Yellow,1.8,138.6,2.0,Electabuzz,Thunderbolt Pokémon
467,Magmortar,Fire,,540,75,95,67,125,95,83,4,False,Red,1.6,68.0,2.0,Magmar,Blast Pokémon
468,Togekiss,Fairy,Flying,545,85,50,95,120,115,80,4,False,White,1.5,38.0,2.0,Togetic,Jubilee Pokémon
469,Yanmega,Bug,Flying,515,86,76,86,116,56,95,4,False,Green,1.9,51.5,1.0,Yanma,Ogre Darner Pokémon
470,Leafeon,Grass,,525,65,110,130,60,65,95,4,False,Green,1.0,25.5,1.0,Eevee,Verdant Pokémon
471,Glaceon,Ice,,525,65,60,110,130,95,65,4,False,Blue,0.8,25.9,1.0,Eevee,Fresh Snow Pokémon
472,Gliscor,Ground,Flying,510,75,95,125,45,75,95,4,False,Purple,2.0,42.5,1.0,Gligar,Fang Scorp Pokémon
473,Mamoswine,Ice,Ground,530,110,130,80,70,60,80,4,False,Brown,2.5,291.0,2.0,Piloswine,Twin Tusk Pokémon
474,Porygon-Z,Normal,,535,85,80,70,135,75,90,4,False,Red,0.9,34.0,2.0,Porygon2,Virtual Pokémon
475,Gallade,Psychic,Fighting,518,68,125,65,65,115,80,4,False,White,1.6,52.0,2.0,Kirlia,Blade Pokémon
476,Probopass,Rock,Steel,525,60,55,145,75,150,40,4,False,Gray,1.4,340.0,1.0,Nosepass,Compass Pokémon
477,Dusknoir,Ghost,,525,45,100,135,65,135,45,4,False,Black,2.2,106.6,2.0,Dusclops,Gripper Pokémon
478,Froslass,Ice,Ghost,480,70,80,70,80,70,110,4,False,White,1.3,26.6,1.0,Snorunt,Snow Land Pokémon
479,Rotom,Electric,Ghost,440,50,50,77,95,77,91,4,False,Red,0.3,0.3,0.0,None,Plasma Pokémon
480,Uxie,Psychic,,580,75,75,130,75,130,95,4,True,Yellow,0.3,0.3,0.0,None,Knowledge Pokémon
481,Mesprit,Psychic,,580,80,105,105,105,105,80,4,True,Pink,0.3,0.3,0.0,None,Emotion Pokémon
482,Azelf,Psychic,,580,75,125,70,125,70,115,4,True,Blue,0.3,0.3,0.0,None,Willpower Pokémon
483,Dialga,Steel,Dragon,680,100,120,120,150,100,90,4,True,White,5.4,683.0,0.0,None,Temporal Pokémon
484,Palkia,Water,Dragon,680,90,120,100,150,120,100,4,True,Purple,4.2,336.0,0.0,None,Spatial Pokémon
485,Heatran,Fire,Steel,600,91,90,106,130,106,77,4,True,Brown,1.7,430.0,0.0,None,Lava Dome Pokémon
486,Regigigas,Normal,,670,110,160,110,80,110,100,4,True,White,3.7,420.0,0.0,None,Colossal Pokémon
487,Giratina,Ghost,Dragon,680,150,100,120,100,120,90,4,True,Black,4.5,750.0,0.0,None,Renegade Pokémon
488,Cresselia,Psychic,,600,120,70,120,75,130,85,4,True,Yellow,1.5,85.6,0.0,None,Lunar Pokémon
489,Phione,Water,,480,80,80,80,80,80,80,4,True,Blue,0.4,3.1,0.0,None,Sea Drifter Pokémon
490,Manaphy,Water,,600,100,100,100,100,100,100,4,True,Blue,0.3,1.4,0.0,None,Seafaring Pokémon
491,Darkrai,Dark,,600,70,90,90,135,90,125,4,True,Black,1.5,50.5,0.0,None,Pitch-Black Pokémon
492,Shaymin,Grass,,600,100,100,100,100,100,100,4,True,Green,0.2,2.1,0.0,None,Gratitude Pokémon
493,Arceus,Normal,,720,120,120,120,120,120,120,5,True,White,3.2,320.0,0.0,None,Alpha Pokémon
494,Victini,Psychic,Fire,600,100,100,100,100,100,100,5,True,Yellow,0.4,4.0,0.0,None,Victory Pokémon
495,Snivy,Grass,,308,45,45,55,45,55,63,5,False,Green,0.6,8.1,0.0,None,Grass Snake Pokémon
496,Servine,Grass,,413,60,60,75,60,75,83,5,False,Green,0.8,16.0,1.0,Snivy,Grass Snake Pokémon
497,Serperior,Grass,,528,75,75,95,75,95,113,5,False,Green,3.3,63.0,2.0,Servine,Regal Pokémon
498,Tepig,Fire,,308,65,63,45,45,45,45,5,False,Red,0.5,9.9,0.0,None,Fire Pig Pokémon
499,Pignite,Fire,Fighting,418,90,93,55,70,55,55,5,False,Red,1.0,55.5,1.0,Tepig,Fire Pig Pokémon
500,Emboar,Fire,Fighting,528,110,123,65,100,65,65,5,False,Red,1.6,150.0,2.0,Pignite,Mega Fire Pig Pokémon
501,Oshawott,Water,,308,55,55,45,63,45,45,5,False,Blue,0.5,5.9,0.0,None,Sea Otter Pokémon
502,Dewott,Water,,413,75,75,60,83,60,60,5,False,Blue,0.8,24.5,1.0,Oshawott,Discipline Pokémon
503,Samurott,Water,,528,95,100,85,108,70,70,5,False,Blue,1.5,94.6,2.0,Dewott,Formidable Pokémon
504,Patrat,Normal,,255,45,55,39,35,39,42,5,False,Brown,0.5,11.6,0.0,None,Scout Pokémon
505,Watchog,Normal,,420,60,85,69,60,69,77,5,False,Brown,1.1,27.0,1.0,Patrat,Lookout Pokémon
506,Lillipup,Normal,,275,45,60,45,25,45,55,5,False,Brown,0.4,4.1,0.0,None,Puppy Pokémon
507,Herdier,Normal,,370,65,80,65,35,65,60,5,False,Gray,0.9,14.7,1.0,Lillipup,Loyal Dog Pokémon
508,Stoutland,Normal,,490,85,100,90,45,90,80,5,False,Gray,1.2,61.0,2.0,Herdier,Big-Hearted Pokémon
509,Purrloin,Dark,,281,41,50,37,50,37,66,5,False,Purple,0.4,10.1,0.0,None,Devious Pokémon
510,Liepard,Dark,,446,64,88,50,88,50,106,5,False,Purple,1.1,37.5,1.0,Purrloin,Cruel Pokémon
511,Pansage,Grass,,316,50,53,48,53,48,64,5,False,Green,0.6,10.5,0.0,None,Grass Monkey Pokémon
512,Simisage,Grass,,498,75,98,63,98,63,101,5,False,Green,1.1,30.5,1.0,Pansage,Thorn Monkey Pokémon
513,Pansear,Fire,,316,50,53,48,53,48,64,5,False,Red,0.6,11.0,0.0,None,High Temp Pokémon
514,Simisear,Fire,,498,75,98,63,98,63,101,5,False,Red,1.0,28.0,1.0,Pansear,Ember Pokémon
515,Panpour,Water,,316,50,53,48,53,48,64,5,False,Blue,0.6,13.5,0.0,None,Spray Pokémon
516,Simipour,Water,,498,75,98,63,98,63,101,5,False,Blue,1.0,29.0,1.0,Panpour,Geyser Pokémon
517,Munna,Psychic,,292,76,25,45,67,55,24,5,False,Pink,0.6,23.3,0.0,None,Dream Eater Pokémon
518,Musharna,Psychic,,487,116,55,85,107,95,29,5,False,Pink,1.1,60.5,1.0,Munna,Drowsing Pokémon
519,Pidove,Normal,Flying,264,50,55,50,36,30,43,5,False,Gray,0.3,2.1,0.0,None,Tiny Pigeon Pokémon
520,Tranquill,Normal,Flying,358,62,77,62,50,42,65,5,False,Gray,0.6,15.0,1.0,Pidove,Wild Pigeon Pokémon
521,Unfezant,Normal,Flying,478,80,105,80,65,55,93,5,False,Gray,1.2,29.0,2.0,Tranquill,Proud Pokémon
522,Blitzle,Electric,,295,45,60,32,50,32,76,5,False,Black,0.8,29.8,0.0,None,Electrified Pokémon
523,Zebstrika,Electric,,497,75,100,63,80,63,116,5,False,Black,1.6,79.5,1.0,Blitzle,Thunderbolt Pokémon
524,Roggenrola,Rock,,280,55,75,85,25,25,15,5,False,Blue,0.4,18.0,0.0,None,Mantle Pokémon
525,Boldore,Rock,,390,70,105,105,50,40,20,5,False,Blue,0.9,102.0,1.0,Roggenrola,Ore Pokémon
526,Gigalith,Rock,,505,85,135,130,60,70,25,5,False,Blue,1.7,260.0,2.0,Boldore,Compressed Pokémon
527,Woobat,Psychic,Flying,313,55,45,43,55,43,72,5,False,Blue,0.4,2.1,0.0,None,Bat Pokémon
528,Swoobat,Psychic,Flying,425,67,57,55,77,55,114,5,False,Blue,0.9,10.5,1.0,Woobat,Courting Pokémon
529,Drilbur,Ground,,328,60,85,40,30,45,68,5,False,Gray,0.3,8.5,0.0,None,Mole Pokémon
530,Excadrill,Ground,Steel,508,110,135,60,50,65,88,5,False,Gray,0.7,40.4,1.0,Drilbur,Subterrene Pokémon
531,Audino,Normal,,445,103,60,86,60,86,50,5,False,Pink,1.1,31.0,0.0,None,Hearing Pokémon
532,Timburr,Fighting,,305,75,80,55,25,35,35,5,False,Gray,0.6,12.5,0.0,None,Muscular Pokémon
533,Gurdurr,Fighting,,405,85,105,85,40,50,40,5,False,Gray,1.2,40.0,1.0,Timburr,Muscular Pokémon
534,Conkeldurr,Fighting,,505,105,140,95,55,65,45,5,False,Brown,1.4,87.0,2.0,Gurdurr,Muscular Pokémon
535,Tympole,Water,,294,50,50,40,50,40,64,5,False,Blue,0.5,4.5,0.0,None,Tadpole Pokémon
536,Palpitoad,Water,Ground,384,75,65,55,65,55,69,5,False,Blue,0.8,17.0,1.0,Tympole,Vibration Pokémon
537,Seismitoad,Water,Ground,499,105,85,75,85,75,74,5,False,Blue,1.5,62.0,2.0,Palpitoad,Vibration Pokémon
538,Throh,Fighting,,465,120,100,85,30,85,45,5,False,Red,1.3,55.5,0.0,None,Judo Pokémon
539,Sawk,Fighting,,465,75,125,75,30,75,85,5,False,Blue,1.4,51.0,0.0,None,Karate Pokémon
540,Sewaddle,Bug,Grass,310,45,53,70,40,60,42,5,False,Yellow,0.3,2.5,0.0,None,Sewing Pokémon
541,Swadloon,Bug,Grass,380,55,63,90,50,80,42,5,False,Green,0.5,7.3,1.0,Sewaddle,Leaf-Wrapped Pokémon
542,Leavanny,Bug,Grass,490,75,103,80,70,70,92,5,False,Yellow,1.2,20.5,2.0,Swadloon,Nurturing Pokémon
543,Venipede,Bug,Poison,260,30,45,59,30,39,57,5,False,Red,0.4,5.3,0.0,None,Centipede Pokémon
544,Whirlipede,Bug,Poison,360,40,55,99,40,79,47,5,False,Gray,1.2,58.5,1.0,Venipede,Curlipede Pokémon
545,Scolipede,Bug,Poison,475,60,90,89,55,69,112,5,False,Red,2.5,200.5,2.0,Whirlipede,Megapede Pokémon
546,Cottonee,Grass,Fairy,280,40,27,60,37,50,66,5,False,Green,0.3,0.6,0.0,None,Cotton Puff Pokémon
547,Whimsicott,Grass,Fairy,480,60,67,85,77,75,116,5,False,Green,0.7,6.6,1.0,Cottonee,Windveiled Pokémon
548,Petilil,Grass,,280,45,35,50,70,50,30,5,False,Green,0.5,6.6,0.0,None,Bulb Pokémon
549,Lilligant,Grass,,480,70,60,75,110,75,90,5,False,Green,1.1,16.3,1.0,Petilil,Flowering Pokémon
550,Basculin,Water,,460,70,92,65,80,55,98,5,False,Green,1.0,18.0,0.0,None,Hostile Pokémon
551,Sandile,Ground,Dark,292,50,72,35,35,35,65,5,False,Brown,0.7,15.2,0.0,None,Desert Croc Pokémon
552,Krokorok,Ground,Dark,351,60,82,45,45,45,74,5,False,Brown,1.0,33.4,1.0,Sandile,Desert Croc Pokémon
553,Krookodile,Ground,Dark,509,95,117,70,65,70,92,5,False,Red,1.5,96.3,2.0,Krokorok,Intimidation Pokémon
554,Darumaka,Fire,,315,70,90,45,15,45,50,5,False,Red,0.6,37.5,0.0,None,Zen Charm Pokémon
555,Darmanitan,Fire,,480,105,140,55,30,55,95,5,False,Red,1.3,92.9,1.0,Darumaka,Blazing Pokémon
556,Maractus,Grass,,461,75,86,67,106,67,60,5,False,Green,1.0,28.0,0.0,None,Cactus Pokémon
557,Dwebble,Bug,Rock,325,50,65,85,35,35,55,5,False,Red,0.3,14.5,0.0,None,Rock Inn Pokémon
558,Crustle,Bug,Rock,475,70,95,125,65,75,45,5,False,Red,1.4,200.0,1.0,Dwebble,Stone Home Pokémon
559,Scraggy,Dark,Fighting,348,50,75,70,35,70,48,5,False,Yellow,0.6,11.8,0.0,None,Shedding Pokémon
560,Scrafty,Dark,Fighting,488,65,90,115,45,115,58,5,False,Red,1.1,30.0,1.0,Scraggy,Hoodlum Pokémon
561,Sigilyph,Psychic,Flying,490,72,58,80,103,80,97,5,False,Black,1.4,14.0,0.0,None,Avianoid Pokémon
562,Yamask,Ghost,,303,38,30,85,55,65,30,5,False,Black,0.5,1.5,0.0,None,Spirit Pokémon
563,Cofagrigus,Ghost,,483,58,50,145,95,105,30,5,False,Yellow,1.7,76.5,1.0,Yamask,Coffin Pokémon
564,Tirtouga,Water,Rock,355,54,78,103,53,45,22,5,False,Blue,0.7,16.5,0.0,None,Prototurtle Pokémon
565,Carracosta,Water,Rock,495,74,108,133,83,65,32,5,False,Blue,1.2,81.0,1.0,Tirtouga,Prototurtle Pokémon
566,Archen,Rock,Flying,401,55,112,45,74,45,70,5,False,Yellow,0.5,9.5,0.0,None,First Bird Pokémon
567,Archeops,Rock,Flying,567,75,140,65,112,65,110,5,False,Yellow,1.4,32.0,1.0,Archen,First Bird Pokémon
568,Trubbish,Poison,,329,50,50,62,40,62,65,5,False,Green,0.6,31.0,0.0,None,Trash Bag Pokémon
569,Garbodor,Poison,,474,80,95,82,60,82,75,5,False,Green,1.9,107.3,1.0,Trubbish,Trash Heap Pokémon
570,Zorua,Dark,,330,40,65,40,80,40,65,5,False,Gray,0.7,12.5,0.0,None,Tricky Fox Pokémon
571,Zoroark,Dark,,510,60,105,60,120,60,105,5,False,Gray,1.6,81.1,1.0,Zorua,Illusion Fox Pokémon
572,Minccino,Normal,,300,55,50,40,40,40,75,5,False,Gray,0.4,5.8,0.0,None,Chinchilla Pokémon
573,Cinccino,Normal,,470,75,95,60,65,60,115,5,False,Gray,0.5,7.5,1.0,Minccino,Scarf Pokémon
574,Gothita,Psychic,,290,45,30,50,55,65,45,5,False,Purple,0.4,5.8,0.0,None,Fixation Pokémon
575,Gothorita,Psychic,,390,60,45,70,75,85,55,5,False,Purple,0.7,18.0,1.0,Gothita,Manipulate Pokémon
576,Gothitelle,Psychic,,490,70,55,95,95,110,65,5,False,Purple,1.5,44.0,2.0,Gothorita,Astral Body Pokémon
577,Solosis,Psychic,,290,45,30,40,105,50,20,5,False,Green,0.3,1.0,0.0,None,Cell Pokémon
578,Duosion,Psychic,,370,65,40,50,125,60,30,5,False,Green,0.6,8.0,1.0,Solosis,Mitosis Pokémon
579,Reuniclus,Psychic,,490,110,65,75,125,85,30,5,False,Green,1.0,20.1,2.0,Duosion,Multiplying Pokémon
580,Ducklett,Water,Flying,305,62,44,50,44,50,55,5,False,Blue,0.5,5.5,0.0,None,Water Bird Pokémon
581,Swanna,Water,Flying,473,75,87,63,87,63,98,5,False,White,1.3,24.2,1.0,Ducklett,White Bird Pokémon
582,Vanillite,Ice,,305,36,50,50,65,60,44,5,False,White,0.4,5.7,0.0,None,Fresh Snow Pokémon
583,Vanillish,Ice,,395,51,65,65,80,75,59,5,False,White,1.1,41.0,1.0,Vanillite,Icy Snow Pokémon
584,Vanilluxe,Ice,,535,71,95,85,110,95,79,5,False,White,1.3,57.5,2.0,Vanillish,Snowstorm Pokémon
585,Deerling,Normal,Grass,335,60,60,50,40,50,75,5,False,Pink,0.6,19.5,0.0,None,Season Pokémon
586,Sawsbuck,Normal,Grass,475,80,100,70,60,70,95,5,False,Brown,1.9,92.5,1.0,Deerling,Season Pokémon
587,Emolga,Electric,Flying,428,55,75,60,75,60,103,5,False,White,0.4,5.0,0.0,None,Sky Squirrel Pokémon
588,Karrablast,Bug,,315,50,75,45,40,45,60,5,False,Blue,0.5,5.9,0.0,None,Clamping Pokémon
589,Escavalier,Bug,Steel,495,70,135,105,60,105,20,5,False,Gray,1.0,33.0,1.0,Karrablast,Cavalry Pokémon
590,Foongus,Grass,Poison,294,69,55,45,55,55,15,5,False,White,0.2,1.0,0.0,None,Mushroom Pokémon
591,Amoonguss,Grass,Poison,464,114,85,70,85,80,30,5,False,White,0.6,10.5,1.0,Foongus,Mushroom Pokémon
592,Frillish,Water,Ghost,335,55,40,50,65,85,40,5,False,White,1.2,33.0,0.0,None,Floating Pokémon
593,Jellicent,Water,Ghost,480,100,60,70,85,105,60,5,False,White,2.2,135.0,1.0,Frillish,Floating Pokémon
594,Alomomola,Water,,470,165,75,80,40,45,65,5,False,Pink,1.2,31.6,0.0,None,Caring Pokémon
595,Joltik,Bug,Electric,319,50,47,50,57,50,65,5,False,Yellow,0.1,0.6,0.0,None,Attaching Pokémon
596,Galvantula,Bug,Electric,472,70,77,60,97,60,108,5,False,Yellow,0.8,14.3,1.0,Joltik,EleSpider Pokémon
597,Ferroseed,Grass,Steel,305,44,50,91,24,86,10,5,False,Gray,0.6,18.8,0.0,None,Thorn Seed Pokémon
598,Ferrothorn,Grass,Steel,489,74,94,131,54,116,20,5,False,Gray,1.0,110.0,1.0,Ferroseed,Thorn Pod Pokémon
599,Klink,Steel,,300,40,55,70,45,60,30,5,False,Gray,0.3,21.0,0.0,None,Gear Pokémon
600,Klang,Steel,,440,60,80,95,70,85,50,5,False,Gray,0.6,51.0,1.0,Klink,Gear Pokémon
601,Klinklang,Steel,,520,60,100,115,70,85,90,5,False,Gray,0.6,81.0,2.0,Klang,Gear Pokémon
602,Tynamo,Electric,,275,35,55,40,45,40,60,5,False,White,0.2,0.3,0.0,None,EleFish Pokémon
603,Eelektrik,Electric,,405,65,85,70,75,70,40,5,False,Blue,1.2,22.0,1.0,Tynamo,EleFish Pokémon
604,Eelektross,Electric,,515,85,115,80,105,80,50,5,False,Blue,2.1,80.5,2.0,Eelektrik,EleFish Pokémon
605,Elgyem,Psychic,,335,55,55,55,85,55,30,5,False,Blue,0.5,9.0,0.0,None,Cerebral Pokémon
606,Beheeyem,Psychic,,485,75,75,75,125,95,40,5,False,Brown,1.0,34.5,1.0,Elgyem,Cerebral Pokémon
607,Litwick,Ghost,Fire,275,50,30,55,65,55,20,5,False,White,0.3,3.1,0.0,None,Candle Pokémon
608,Lampent,Ghost,Fire,370,60,40,60,95,60,55,5,False,Black,0.6,13.0,1.0,Litwick,Lamp Pokémon
609,Chandelure,Ghost,Fire,520,60,55,90,145,90,80,5,False,Black,1.0,34.3,2.0,Lampent,Luring Pokémon
610,Axew,Dragon,,320,46,87,60,30,40,57,5,False,Green,0.6,18.0,0.0,None,Tusk Pokémon
611,Fraxure,Dragon,,410,66,117,70,40,50,67,5,False,Green,1.0,36.0,1.0,Axew,Axe Jaw Pokémon
612,Haxorus,Dragon,,540,76,147,90,60,70,97,5,False,Yellow,1.8,105.5,2.0,Fraxure,Axe Jaw Pokémon
613,Cubchoo,Ice,,305,55,70,40,60,40,40,5,False,White,0.5,8.5,0.0,None,Chill Pokémon
614,Beartic,Ice,,485,95,110,80,70,80,50,5,False,White,2.6,260.0,1.0,Cubchoo,Freezing Pokémon
615,Cryogonal,Ice,,485,70,50,30,95,135,105,5,False,Blue,1.1,148.0,0.0,None,Crystallizing Pokémon
616,Shelmet,Bug,,305,50,40,85,40,65,25,5,False,Red,0.4,7.7,0.0,None,Snail Pokémon
617,Accelgor,Bug,,495,80,70,40,100,60,145,5,False,Red,0.8,25.3,1.0,Shelmet,Shell Out Pokémon
618,Stunfisk,Ground,Electric,471,109,66,84,81,99,32,5,False,Brown,0.7,11.0,0.0,None,Trap Pokémon
619,Mienfoo,Fighting,,350,45,85,50,55,50,65,5,False,Yellow,0.9,20.0,0.0,None,Martial Arts Pokémon
620,Mienshao,Fighting,,510,65,125,60,95,60,105,5,False,Purple,1.4,35.5,1.0,Mienfoo,Martial Arts Pokémon
621,Druddigon,Dragon,,485,77,120,90,60,90,48,5,False,Red,1.6,139.0,0.0,None,Cave Pokémon
622,Golett,Ground,Ghost,303,59,74,50,35,50,35,5,False,Green,1.0,92.0,0.0,None,Automaton Pokémon
623,Golurk,Ground,Ghost,483,89,124,80,55,80,55,5,False,Green,2.8,330.0,1.0,Golett,Automaton Pokémon
624,Pawniard,Dark,Steel,340,45,85,70,40,40,60,5,False,Red,0.5,10.2,0.0,None,Sharp Blade Pokémon
625,Bisharp,Dark,Steel,490,65,125,100,60,70,70,5,False,Red,1.6,70.0,1.0,Pawniard,Sword Blade Pokémon
626,Bouffalant,Normal,,490,95,110,95,40,95,55,5,False,Brown,1.6,94.6,0.0,None,Bash Buffalo Pokémon
627,Rufflet,Normal,Flying,350,70,83,50,37,50,60,5,False,White,0.5,10.5,0.0,None,Eaglet Pokémon
628,Braviary,Normal,Flying,510,100,123,75,57,75,80,5,False,Red,1.5,41.0,1.0,Rufflet,Valiant Pokémon
629,Vullaby,Dark,Flying,370,70,55,75,45,65,60,5,False,Brown,0.5,9.0,0.0,None,Diapered Pokémon
630,Mandibuzz,Dark,Flying,510,110,65,105,55,95,80,5,False,Brown,1.2,39.5,1.0,Vullaby,Bone Vulture Pokémon
631,Heatmor,Fire,,484,85,97,66,105,66,65,5,False,Red,1.4,58.0,0.0,None,Anteater Pokémon
632,Durant,Bug,Steel,484,58,109,112,48,48,109,5,False,Gray,0.3,33.0,0.0,None,Iron Ant Pokémon
633,Deino,Dark,Dragon,300,52,65,50,45,50,38,5,False,Blue,0.8,17.3,0.0,None,Irate Pokémon
634,Zweilous,Dark,Dragon,420,72,85,70,65,70,58,5,False,Blue,1.4,50.0,1.0,Deino,Hostile Pokémon
635,Hydreigon,Dark,Dragon,600,92,105,90,125,90,98,5,False,Blue,1.8,160.0,2.0,Zweilous,Brutal Pokémon
636,Larvesta,Bug,Fire,360,55,85,55,50,55,60,5,False,White,1.1,28.8,0.0,None,Torch Pokémon
637,Volcarona,Bug,Fire,550,85,60,65,135,105,100,5,False,White,1.6,46.0,1.0,Larvesta,Sun Pokémon
638,Cobalion,Steel,Fighting,580,91,90,129,90,72,108,5,True,Blue,2.1,250.0,0.0,None,Iron Will Pokémon
639,Terrakion,Rock,Fighting,580,91,129,90,72,90,108,5,True,Gray,1.9,260.0,0.0,None,Cavern Pokémon
640,Virizion,Grass,Fighting,580,91,90,72,90,129,108,5,True,Green,2.0,200.0,0.0,None,Grassland Pokémon
641,Tornadus,Flying,,580,79,115,70,125,80,111,5,True,Green,1.5,63.0,0.0,None,Cyclone Pokémon
642,Thundurus,Electric,Flying,580,79,115,70,125,80,111,5,True,Blue,1.5,61.0,0.0,None,Bolt Strike Pokémon
643,Reshiram,Dragon,Fire,680,100,120,100,150,120,90,5,True,White,3.2,330.0,0.0,None,Vast White Pokémon
644,Zekrom,Dragon,Electric,680,100,150,120,120,100,90,5,True,Black,2.9,345.0,0.0,None,Deep Black Pokémon
645,Landorus,Ground,Flying,600,89,125,90,115,80,101,5,True,Brown,1.5,68.0,0.0,None,Abundance Pokémon
646,Kyurem,Dragon,Ice,660,125,130,90,130,90,95,5,True,Gray,3.0,325.0,0.0,None,Boundary Pokémon
647,Keldeo,Water,Fighting,580,91,72,90,129,90,108,5,True,Yellow,1.4,48.5,0.0,None,Colt Pokémon
648,Meloetta,Normal,Psychic,600,100,77,77,128,128,90,5,True,White,0.6,6.5,0.0,None,Melody Pokémon
649,Genesect,Bug,Steel,600,71,120,95,120,95,99,6,True,Purple,1.5,82.5,0.0,None,Paleozoic Pokémon
650,Chespin,Grass,,313,56,61,65,48,45,38,6,False,Green,0.4,9.0,0.0,None,Spiny Nut Pokémon
651,Quilladin,Grass,,405,61,78,95,56,58,57,6,False,Green,0.7,29.0,1.0,Chespin,Spiny Armor Pokémon
652,Chesnaught,Grass,Fighting,530,88,107,122,74,75,64,6,False,Green,1.6,90.0,2.0,Quilladin,Spiny Armor Pokémon
653,Fennekin,Fire,,307,40,45,40,62,60,60,6,False,Red,0.4,9.4,0.0,None,Fox Pokémon
654,Braixen,Fire,,409,59,59,58,90,70,73,6,False,Red,1.0,14.5,1.0,Fennekin,Fox Pokémon
655,Delphox,Fire,Psychic,534,75,69,72,114,100,104,6,False,Red,1.5,39.0,2.0,Braixen,Fox Pokémon
656,Froakie,Water,,314,41,56,40,62,44,71,6,False,Blue,0.3,7.0,0.0,None,Bubble Frog Pokémon
657,Frogadier,Water,,405,54,63,52,83,56,97,6,False,Blue,0.6,10.9,1.0,Froakie,Bubble Frog Pokémon
658,Greninja,Water,Dark,530,72,95,67,103,71,122,6,False,Blue,1.5,40.0,2.0,Frogadier,Ninja Pokémon
659,Bunnelby,Normal,,237,38,36,38,32,36,57,6,False,Brown,0.4,5.0,0.0,None,Digging Pokémon
660,Diggersby,Normal,Ground,423,85,56,77,50,77,78,6,False,Brown,1.0,42.4,1.0,Bunnelby,Digging Pokémon
661,Fletchling,Normal,Flying,278,45,50,43,40,38,62,6,False,Red,0.3,1.7,0.0,None,Tiny Robin Pokémon
662,Fletchinder,Fire,Flying,382,62,73,55,56,52,84,6,False,Red,0.7,16.0,1.0,Fletchling,Ember Pokémon
663,Talonflame,Fire,Flying,499,78,81,71,74,69,126,6,False,Red,1.2,24.5,2.0,Fletchinder,Scorching Pokémon
664,Scatterbug,Bug,,200,38,35,40,27,25,35,6,False,Black,0.3,2.5,0.0,None,Scatterdust Pokémon
665,Spewpa,Bug,,213,45,22,60,27,30,29,6,False,Black,0.3,8.4,1.0,Scatterbug,Scatterdust Pokémon
666,Vivillon,Bug,Flying,411,80,52,50,90,50,89,6,False,White,1.2,17.0,2.0,Spewpa,Scale Pokémon
667,Litleo,Fire,Normal,369,62,50,58,73,54,72,6,False,Brown,0.6,13.5,0.0,None,Lion Cub Pokémon
668,Pyroar,Fire,Normal,507,86,68,72,109,66,106,6,False,Brown,1.5,81.5,1.0,Litleo,Royal Pokémon
669,Flabébé,Fairy,,303,44,38,39,61,79,42,6,False,White,0.1,0.1,0.0,None,Single Bloom Pokémon
670,Floette,Fairy,,371,54,45,47,75,98,52,6,False,White,0.2,0.9,1.0,Flabébé,Single Bloom Pokémon
671,Florges,Fairy,,552,78,65,68,112,154,75,6,False,White,1.1,10.0,2.0,Floette,Garden Pokémon
672,Skiddo,Grass,,350,66,65,48,62,57,52,6,False,Brown,0.9,31.0,0.0,None,Mount Pokémon
673,Gogoat,Grass,,531,123,100,62,97,81,68,6,False,Brown,1.7,91.0,1.0,Skiddo,Mount Pokémon
674,Pancham,Fighting,,348,67,82,62,46,48,43,6,False,White,0.6,8.0,0.0,None,Playful Pokémon
675,Pangoro,Fighting,Dark,495,95,124,78,69,71,58,6,False,White,2.1,136.0,1.0,Pancham,Daunting Pokémon
676,Furfrou,Normal,,472,75,80,60,65,90,102,6,False,White,1.2,28.0,0.0,None,Poodle Pokémon
677,Espurr,Psychic,,355,62,48,54,63,60,68,6,False,Gray,0.3,3.5,0.0,None,Restraint Pokémon
678,Meowstic,Psychic,,466,74,48,76,83,81,104,6,False,Blue,0.6,8.5,1.0,Espurr,Constraint Pokémon
679,Honedge,Steel,Ghost,325,45,80,100,35,37,28,6,False,Brown,0.8,2.0,0.0,None,Sword Pokémon
680,Doublade,Steel,Ghost,448,59,110,150,45,49,35,6,False,Brown,0.8,4.5,1.0,Honedge,Sword Pokémon
681,Aegislash,Steel,Ghost,520,60,50,150,50,150,60,6,False,Brown,1.7,53.0,2.0,Doublade,Royal Sword Pokémon
682,Spritzee,Fairy,,341,78,52,60,63,65,23,6,False,Pink,0.2,0.5,0.0,None,Perfume Pokémon
683,Aromatisse,Fairy,,462,101,72,72,99,89,29,6,False,Pink,0.8,15.5,1.0,Spritzee,Fragrance Pokémon
684,Swirlix,Fairy,,341,62,48,66,59,57,49,6,False,White,0.4,3.5,0.0,None,Cotton Candy Pokémon
685,Slurpuff,Fairy,,480,82,80,86,85,75,72,6,False,White,0.8,5.0,1.0,Swirlix,Meringue Pokémon
686,Inkay,Dark,Psychic,288,53,54,53,37,46,45,6,False,Blue,0.4,3.5,0.0,None,Revolving Pokémon
687,Malamar,Dark,Psychic,482,86,92,88,68,75,73,6,False,Blue,1.5,47.0,1.0,Inkay,Overturning Pokémon
688,Binacle,Rock,Water,306,42,52,67,39,56,50,6,False,Brown,0.5,31.0,0.0,None,Two-Handed Pokémon
689,Barbaracle,Rock,Water,500,72,105,115,54,86,68,6,False,Brown,1.3,96.0,1.0,Binacle,Collective Pokémon
690,Skrelp,Poison,Water,320,50,60,60,60,60,30,6,False,Brown,0.5,7.3,0.0,None,Mock Kelp Pokémon
691,Dragalge,Poison,Dragon,494,65,75,90,97,123,44,6,False,Brown,1.8,81.5,1.0,Skrelp,Mock Kelp Pokémon
692,Clauncher,Water,,330,50,53,62,58,63,44,6,False,Blue,0.5,8.3,0.0,None,Water Gun Pokémon
693,Clawitzer,Water,,500,71,73,88,120,89,59,6,False,Blue,1.3,35.3,1.0,Clauncher,Howitzer Pokémon
694,Helioptile,Electric,Normal,289,44,38,33,61,43,70,6,False,Yellow,0.5,6.0,0.0,None,Generator Pokémon
695,Heliolisk,Electric,Normal,481,62,55,52,109,94,109,6,False,Yellow,1.0,21.0,1.0,Helioptile,Generator Pokémon
696,Tyrunt,Rock,Dragon,362,58,89,77,45,45,48,6,False,Brown,0.8,26.0,0.0,None,Royal Heir Pokémon
697,Tyrantrum,Rock,Dragon,521,82,121,119,69,59,71,6,False,Red,2.5,270.0,1.0,Tyrunt,Despot Pokémon
698,Amaura,Rock,Ice,362,77,59,50,67,63,46,6,False,Blue,1.3,25.2,0.0,None,Tundra Pokémon
699,Aurorus,Rock,Ice,521,123,77,72,99,92,58,6,False,Blue,2.7,225.0,1.0,Amaura,Tundra Pokémon
700,Sylveon,Fairy,,525,95,65,65,110,130,60,6,False,Pink,1.0,23.5,1.0,Eevee,Intertwining Pokémon
701,Hawlucha,Fighting,Flying,500,78,92,75,74,63,118,6,False,Green,0.8,21.5,0.0,None,Wrestling Pokémon
702,Dedenne,Electric,Fairy,431,67,58,57,81,67,101,6,False,Yellow,0.2,2.2,0.0,None,Antenna Pokémon
703,Carbink,Rock,Fairy,500,50,50,150,50,150,50,6,False,Gray,0.3,5.7,0.0,None,Jewel Pokémon
704,Goomy,Dragon,,300,45,50,35,55,75,40,6,False,Purple,0.3,2.8,0.0,None,Soft Tissue Pokémon
705,Sliggoo,Dragon,,452,68,75,53,83,113,60,6,False,Purple,0.8,17.5,1.0,Goomy,Soft Tissue Pokémon
706,Goodra,Dragon,,600,90,100,70,110,150,80,6,False,Purple,2.0,150.5,2.0,Sliggoo,Dragon Pokémon
707,Klefki,Steel,Fairy,470,57,80,91,80,87,75,6,False,Gray,0.2,3.0,0.0,None,Key Ring Pokémon
708,Phantump,Ghost,Grass,309,43,70,48,50,60,38,6,False,Brown,0.4,7.0,0.0,None,Stump Pokémon
709,Trevenant,Ghost,Grass,474,85,110,76,65,82,56,6,False,Brown,1.5,71.0,1.0,Phantump,Elder Tree Pokémon
710,Pumpkaboo,Ghost,Grass,335,44,66,70,44,55,56,6,False,Brown,0.3,3.5,0.0,None,Pumpkin Pokémon
711,Gourgeist,Ghost,Grass,494,55,85,122,58,75,99,6,False,Brown,0.7,9.5,1.0,Pumpkaboo,Pumpkin Pokémon
712,Bergmite,Ice,,304,55,69,85,32,35,28,6,False,Blue,1.0,99.5,0.0,None,Ice Chunk Pokémon
713,Avalugg,Ice,,514,95,117,184,44,46,28,6,False,Blue,2.0,505.0,1.0,Bergmite,Iceberg Pokémon
714,Noibat,Flying,Dragon,245,40,30,35,45,40,55,6,False,Purple,0.5,8.0,0.0,None,Sound Wave Pokémon
715,Noivern,Flying,Dragon,535,85,70,80,97,80,123,6,False,Purple,1.5,85.0,1.0,Noibat,Sound Wave Pokémon
716,Xerneas,Fairy,,680,126,131,95,131,98,99,6,True,Blue,3.0,215.0,0.0,None,Life Pokémon
717,Yveltal,Dark,Flying,680,126,131,95,131,98,99,6,True,Red,5.8,203.0,0.0,None,Destruction Pokémon
718,Zygarde,Dragon,Ground,600,108,100,121,81,95,95,6,True,Green,5.0,305.0,0.0,None,Order Pokémon
719,Diancie,Rock,Fairy,600,50,100,150,100,150,50,6,True,Pink,0.7,8.8,0.0,None,Jewel Pokémon
720,Hoopa,Psychic,Ghost,600,80,110,60,150,130,70,6,True,Purple,0.5,9.0,0.0,None,Mischief Pokémon
721,Volcanion,Fire,Water,600,80,110,120,130,90,70,7,True,Brown,1.7,195.0,0.0,None,Steam Pokémon
722,Rowlet,Grass,Flying,320,68,55,55,50,50,42,7,False,Brown,0.3,1.5,0.0,None,Grass Quill Pokémon
723,Dartrix,Grass,Flying,420,78,75,75,70,70,52,7,False,Brown,0.7,16.0,1.0,Rowlet,Blade Quill Pokémon
724,Decidueye,Grass,Ghost,530,78,107,75,100,100,70,7,False,Brown,1.6,36.6,2.0,Dartrix,Arrow Quill Pokémon
725,Litten,Fire,,320,45,65,40,60,40,70,7,False,Red,0.4,4.3,0.0,None,Fire Cat Pokémon
726,Torracat,Fire,,420,65,85,50,80,50,90,7,False,Red,0.7,25.0,1.0,Litten,Fire Cat Pokémon
727,Incineroar,Fire,Dark,530,95,115,90,80,90,60,7,False,Red,1.8,83.0,2.0,Torracat,Heel Pokémon
728,Popplio,Water,,320,50,54,54,66,56,40,7,False,Blue,0.4,7.5,0.0,None,Sea Lion Pokémon
729,Brionne,Water,,420,60,69,69,91,81,50,7,False,Blue,0.6,17.5,1.0,Popplio,Pop Star Pokémon
730,Primarina,Water,Fairy,530,80,74,74,126,116,60,7,False,Blue,1.8,44.0,2.0,Brionne,Soloist Pokémon
731,Pikipek,Normal,Flying,265,35,75,30,30,30,65,7,False,Black,0.3,1.2,0.0,None,Woodpecker Pokémon
732,Trumbeak,Normal,Flying,355,55,85,50,40,50,75,7,False,Black,0.6,14.8,1.0,Pikipek,Bugle Beak Pokémon
733,Toucannon,Normal,Flying,485,80,120,75,75,75,60,7,False,Black,1.1,26.0,2.0,Trumbeak,Cannon Pokémon
734,Yungoos,Normal,,253,48,70,30,30,30,45,7,False,Brown,0.4,6.0,0.0,None,Loitering Pokémon
735,Gumshoos,Normal,,418,88,110,60,55,60,45,7,False,Brown,0.7,14.2,1.0,Yungoos,Stakeout Pokémon
736,Grubbin,Bug,,300,47,62,45,55,45,46,7,False,Gray,0.4,4.4,0.0,None,Larva Pokémon
737,Charjabug,Bug,Electric,400,57,82,95,55,75,36,7,False,Green,0.5,10.5,1.0,Grubbin,Battery Pokémon
738,Vikavolt,Bug,Electric,500,77,70,90,145,75,43,7,False,Blue,1.5,45.0,2.0,Charjabug,Stag Beetle Pokémon
739,Crabrawler,Fighting,,338,47,82,57,42,47,63,7,False,Purple,0.6,7.0,0.0,None,Boxing Pokémon
740,Crabominable,Fighting,Ice,478,97,132,77,62,67,43,7,False,White,1.7,180.0,1.0,Crabrawler,Woolly Crab Pokémon
741,Oricorio,Fire,Flying,476,75,70,70,98,70,93,7,False,Red,0.6,3.4,0.0,None,Dancing Pokémon
742,Cutiefly,Bug,Fairy,304,40,45,40,55,40,84,7,False,Yellow,0.1,0.2,0.0,None,Bee Fly Pokémon
743,Ribombee,Bug,Fairy,464,60,55,60,95,70,124,7,False,Yellow,0.2,0.5,1.0,Cutiefly,Bee Fly Pokémon
744,Rockruff,Rock,,280,45,65,40,30,40,60,7,False,Brown,0.5,9.2,0.0,None,Puppy Pokémon
745,Lycanroc,Rock,,487,75,115,65,55,65,112,7,False,Brown,0.8,25.0,1.0,Rockruff,Wolf Pokémon
746,Wishiwashi,Water,,175,45,20,20,25,25,40,7,False,Blue,0.2,0.3,0.0,None,Small Fry Pokémon
747,Mareanie,Poison,Water,305,50,53,62,43,52,45,7,False,Blue,0.4,8.0,0.0,None,Brutal Star Pokémon
748,Toxapex,Poison,Water,495,50,63,152,53,142,35,7,False,Blue,0.7,14.5,1.0,Mareanie,Brutal Star Pokémon
749,Mudbray,Ground,,385,70,100,70,45,55,45,7,False,Brown,1.0,110.0,0.0,None,Donkey Pokémon
750,Mudsdale,Ground,,500,100,125,100,55,85,35,7,False,Brown,2.5,920.0,1.0,Mudbray,Draft Horse Pokémon
751,Dewpider,Water,Bug,269,38,40,52,40,72,27,7,False,Green,0.3,4.0,0.0,None,Water Bubble Pokémon
752,Araquanid,Water,Bug,454,68,70,92,50,132,42,7,False,Green,1.8,82.0,1.0,Dewpider,Water Bubble Pokémon
753,Fomantis,Grass,,250,40,55,35,50,35,35,7,False,Pink,0.3,1.5,0.0,None,Sickle Grass Pokémon
754,Lurantis,Grass,,480,70,105,90,80,90,45,7,False,Pink,0.9,18.5,1.0,Fomantis,Bloom Sickle Pokémon
755,Morelull,Grass,Fairy,285,40,35,55,65,75,15,7,False,Purple,0.2,1.5,0.0,None,Illuminating Pokémon
756,Shiinotic,Grass,Fairy,405,60,45,80,90,100,30,7,False,Purple,1.0,11.5,1.0,Morelull,Illuminating Pokémon
757,Salandit,Poison,Fire,320,48,44,40,71,40,77,7,False,Black,0.6,4.8,0.0,None,Toxic Lizard Pokémon
758,Salazzle,Poison,Fire,480,68,64,60,111,60,117,7,False,Black,1.2,22.2,1.0,Salandit,Toxic Lizard Pokémon
759,Stufful,Normal,Fighting,340,70,75,50,45,50,50,7,False,Pink,0.5,6.8,0.0,None,Flailing Pokémon
760,Bewear,Normal,Fighting,500,120,125,80,55,60,60,7,False,Pink,2.1,135.0,1.0,Stufful,Strong Arm Pokémon
761,Bounsweet,Grass,,210,42,30,38,30,38,32,7,False,Purple,0.3,3.2,0.0,None,Fruit Pokémon
762,Steenee,Grass,,290,52,40,48,40,48,62,7,False,Purple,0.7,8.2,1.0,Bounsweet,Fruit Pokémon
763,Tsareena,Grass,,510,72,120,98,50,98,72,7,False,Purple,1.2,21.4,2.0,Steenee,Fruit Pokémon
764,Comfey,Fairy,,485,51,52,90,82,110,100,7,False,Green,0.1,0.3,0.0,None,Posy Picker Pokémon
765,Oranguru,Normal,Psychic,490,90,60,80,90,110,60,7,False,White,1.5,76.0,0.0,None,Sage Pokémon
766,Passimian,Fighting,,490,100,120,90,40,60,80,7,False,White,2.0,82.8,0.0,None,Teamwork Pokémon
767,Wimpod,Bug,Water,230,25,35,40,20,30,80,7,False,Gray,0.5,12.0,0.0,None,Turn Tail Pokémon
768,Golisopod,Bug,Water,530,75,125,140,60,90,40,7,False,Gray,2.0,108.0,1.0,Wimpod,Hard Scale Pokémon
769,Sandygast,Ghost,Ground,320,55,55,80,70,45,15,7,False,Brown,0.5,70.0,0.0,None,Sand Heap Pokémon
770,Palossand,Ghost,Ground,480,85,75,110,100,75,35,7,False,Brown,1.3,250.0,1.0,Sandygast,Sand Castle Pokémon
771,Pyukumuku,Water,,410,55,60,130,30,130,5,7,False,Black,0.3,1.2,0.0,None,Sea Cucumber Pokémon
772,Type: Null,Normal,,534,95,95,95,95,95,59,7,False,Gray,1.9,120.5,0.0,None,Synthetic Pokémon
773,Silvally,Normal,,570,95,95,95,95,95,95,7,False,Gray,2.3,100.5,1.0,Type: Null,Synthetic Pokémon
774,Minior,Rock,Flying,440,60,60,100,60,100,60,7,False,Brown,0.3,40.0,0.0,None,Meteor Pokémon
775,Komala,Normal,,480,65,115,65,75,95,65,7,False,Blue,0.4,19.9,0.0,None,Drowsing Pokémon
776,Turtonator,Fire,Dragon,485,60,78,135,91,85,36,7,False,Red,2.0,212.0,0.0,None,Blast Turtle Pokémon
777,Togedemaru,Electric,Steel,435,65,98,63,40,73,96,7,False,Gray,0.3,3.3,0.0,None,Roly-Poly Pokémon
778,Mimikyu,Ghost,Fairy,476,55,90,80,50,105,96,7,False,Yellow,0.2,0.7,0.0,None,Disguise Pokémon
779,Bruxish,Water,Psychic,475,68,105,70,70,70,92,7,False,Pink,0.9,19.0,0.0,None,Gnash Teeth Pokémon
780,Drampa,Normal,Dragon,485,78,60,85,135,91,36,7,False,White,3.0,185.0,0.0,None,Placid Pokémon
781,Dhelmise,Ghost,Grass,517,70,131,100,86,90,40,7,False,Green,3.9,210.0,0.0,None,Sea Creeper Pokémon
782,Jangmo-o,Dragon,,300,45,55,65,45,45,45,7,False,Gray,0.6,29.7,0.0,None,Scaly Pokémon
783,Hakamo-o,Dragon,Fighting,420,55,75,90,65,70,65,7,False,Gray,1.2,47.0,1.0,Jangmo-o,Scaly Pokémon
784,Kommo-o,Dragon,Fighting,600,75,110,125,100,105,85,7,False,Gray,1.6,78.2,2.0,Hakamo-o,Scaly Pokémon
785,Tapu Koko,Electric,Fairy,570,70,115,85,95,75,130,7,True,Yellow,1.8,20.5,0.0,None,Land Spirit Pokémon
786,Tapu Lele,Psychic,Fairy,570,70,85,75,130,115,95,7,True,Pink,1.2,18.6,0.0,None,Land Spirit Pokémon
787,Tapu Bulu,Grass,Fairy,570,70,130,115,85,95,75,7,True,Red,1.9,45.5,0.0,None,Land Spirit Pokémon
788,Tapu Fini,Water,Fairy,570,70,75,115,95,130,85,7,True,Purple,1.3,21.2,0.0,None,Land Spirit Pokémon
789,Cosmog,Psychic,,200,43,29,31,29,31,37,7,True,Blue,0.2,0.1,0.0,None,Nebula Pokémon
790,Cosmoem,Psychic,,400,43,29,131,29,131,37,7,True,Blue,0.1,999.9,1.0,Cosmog,Protostar Pokémon
791,Solgaleo,Psychic,Steel,680,137,137,107,113,89,97,7,True,White,3.4,230.0,0.0,None,Sunne Pokémon
792,Lunala,Psychic,Ghost,680,137,113,89,137,107,97,7,True,Purple,4.0,120.0,0.0,None,Moone Pokémon
793,Nihilego,Rock,Poison,570,109,53,47,127,131,103,7,False,White,1.2,55.5,0.0,None,Parasite Pokémon
794,Buzzwole,Bug,Fighting,570,107,139,139,53,53,79,7,False,Red,2.4,333.6,0.0,None,Swollen Pokémon
795,Pheromosa,Bug,Fighting,570,71,137,37,137,37,151,7,False,White,1.8,25.0,0.0,None,Lissome Pokémon
796,Xurkitree,Electric,,570,83,89,71,173,71,83,7,False,Black,3.8,100.0,0.0,None,Glowing Pokémon
797,Celesteela,Steel,Flying,570,97,101,103,107,101,61,7,False,Green,9.2,999.9,0.0,None,Launch Pokémon
798,Kartana,Grass,Steel,570,59,181,131,59,31,109,7,False,White,0.3,0.1,0.0,None,Drawn Sword Pokémon
799,Guzzlord,Dark,Dragon,570,223,101,53,97,53,43,7,False,Black,5.5,888.0,0.0,None,Junkivore Pokémon
800,Necrozma,Psychic,,600,97,107,101,127,89,79,7,True,Black,2.4,230.0,0.0,None,Prism Pokémon
801,Magearna,Steel,Fairy,600,80,95,115,130,115,65,7,True,Gray,1.0,80.5,0.0,None,Artificial Pokémon
802,Marshadow,Fighting,Ghost,600,90,125,80,90,90,125,7,True,Gray,0.7,22.2,0.0,None,Gloomdweller Pokémon
803,Poipole,Poison,,420,67,73,67,73,67,73,7,False,Purple,0.6,1.8,0.0,None,Poison Pin Pokémon
804,Naganadel,Poison,Dragon,540,73,73,73,127,73,121,7,False,Purple,3.6,150.0,1.0,Poipole,Poison Pin Pokémon
805,Stakataka,Rock,Steel,570,61,131,211,53,101,13,7,False,Gray,5.5,820.0,0.0,None,Rampart Pokémon
806,Blacephalon,Fire,Ghost,570,53,127,53,151,79,107,7,False,White,1.8,13.0,0.0,None,Fireworks Pokémon
807,Zeraora,Electric,,600,88,112,75,102,80,143,7,True,Yellow,1.5,44.5,0.0,None,Thunderclap Pokémon
808,Meltan,Steel,,300,46,65,65,55,35,34,7,True,Gray,0.2,8.0,0.0,None,Hex Nut Pokémon
809,Melmetal,Steel,,600,135,143,143,80,65,34,7,True,Gray,2.5,800.0,1.0,Meltan,Hex Nut Pokémon
810,Grookey,Grass,,310,50,65,50,40,40,65,8,False,Green,0.3,5.0,0.0,None,Chimp Pokémon
811,Thwackey,Grass,,420,70,85,70,55,60,80,8,False,Green,0.7,14.0,1.0,Grookey,Beat Pokémon
812,Rillaboom,Grass,,530,100,125,90,60,70,85,8,False,Green,2.1,90.0,2.0,Thwackey,Drummer Pokémon
813,Scorbunny,Fire,,310,50,71,40,40,40,69,8,False,White,0.3,4.5,0.0,None,Rabbit Pokémon
814,Raboot,Fire,,420,65,86,60,55,60,94,8,False,Gray,0.6,9.0,1.0,Scorbunny,Rabbit Pokémon
815,Cinderace,Fire,,530,80,116,75,65,75,119,8,False,White,1.4,33.0,2.0,Raboot,Striker Pokémon
816,Sobble,Water,,310,50,40,40,70,40,70,8,False,Blue,0.3,4.0,0.0,None,Water Lizard Pokémon
817,Drizzile,Water,,420,65,60,55,95,55,90,8,False,Blue,0.7,11.5,1.0,Sobble,Water lizard Pokémon
818,Inteleon,Water,,530,70,85,65,125,65,120,8,False,Blue,1.9,45.2,2.0,Drizzile,Secret Agent Pokémon
819,Skwovet,Normal,,275,70,55,55,35,35,25,8,False,Brown,0.3,2.5,0.0,None,Cheeky Pokémon
820,Greedent,Normal,,460,120,95,95,55,75,20,8,False,Brown,0.6,6.0,1.0,Skwovet,Greedy Pokémon
821,Rookidee,Flying,,245,38,47,35,33,35,57,8,False,Blue,0.2,1.8,0.0,None,Tiny Bird Pokémon
822,Corvisquire,Flying,,365,68,67,55,43,55,77,8,False,Blue,0.8,16.0,1.0,Rookidee,Raven Pokémon
823,Corviknight,Flying,Steel,495,98,87,105,53,85,67,8,False,Purple,2.2,75.0,2.0,Corvisquire,Raven Pokémon
824,Blipbug,Bug,,180,25,20,20,25,45,45,8,False,Blue,0.4,8.0,0.0,None,Larva Pokémon
825,Dottler,Bug,Psychic,335,50,35,80,50,90,30,8,False,Yellow,0.4,19.5,1.0,Blipbug,Radome Pokémon
826,Orbeetle,Bug,Psychic,505,60,45,110,80,120,90,8,False,Red,0.4,40.8,2.0,Dottler,Seven Spot Pokémon
827,Nickit,Dark,,245,40,28,28,47,52,50,8,False,Brown,0.6,8.9,0.0,None,Fox Pokémon
828,Thievul,Dark,,455,70,58,58,87,92,90,8,False,Brown,1.2,19.9,1.0,Nickit,Fox Pokémon
829,Gossifleur,Grass,,250,40,40,60,40,60,10,8,False,Green,0.4,2.2,0.0,None,Flowering Pokémon
830,Eldegoss,Grass,,460,60,50,90,80,120,60,8,False,Green,0.5,2.5,1.0,Gossifleur,Cotton Bloom Pokémon
831,Wooloo,Normal,,270,42,40,55,40,45,48,8,False,White,0.6,6.0,0.0,None,Sheep Pokémon
832,Dubwool,Normal,,490,72,80,100,60,90,88,8,False,White,1.3,43.0,1.0,Wooloo,Sheep Pokémon
833,Chewtle,Water,,284,50,64,50,38,38,44,8,False,Green,0.3,8.5,0.0,None,Snapping Pokémon
834,Drednaw,Water,Rock,485,90,115,90,48,68,74,8,False,Green,1.0,115.5,1.0,Chewtle,Bite Pokémon
835,Yamper,Electric,,270,59,45,50,40,50,26,8,False,Yellow,0.3,13.5,0.0,None,Puppy Pokémon
836,Boltund,Electric,,490,69,90,60,90,60,121,8,False,Yellow,1.0,34.0,1.0,Yamper,Dog Pokémon
837,Rolycoly,Rock,,240,30,40,50,40,50,30,8,False,Black,0.3,12.0,0.0,None,Coal Pokémon
838,Carkol,Rock,Fire,410,80,60,90,60,70,50,8,False,Black,1.1,78.0,1.0,Rolycoly,Coal Pokémon
839,Coalossal,Rock,Fire,510,110,80,120,80,90,30,8,False,Black,2.8,310.5,2.0,Carkol,Coal Pokémon
840,Applin,Grass,Dragon,260,40,40,80,40,40,20,8,False,Green,0.2,0.5,0.0,None,Apple Core Pokémon
841,Flapple,Grass,Dragon,485,70,110,80,95,60,70,8,False,Green,0.3,1.0,1.0,Applin,Apple Wing Pokémon
842,Appletun,Grass,Dragon,485,110,85,80,100,80,30,8,False,Green,0.4,13.0,1.0,Applin,Apple Nectar Pokémon
843,Silicobra,Ground,,315,52,57,75,35,50,46,8,False,Green,2.2,7.6,0.0,None,Sand Snake Pokémon
844,Sandaconda,Ground,,510,72,107,125,65,70,71,8,False,Green,3.8,65.5,1.0,Silicobra,Sand Snake Pokémon
845,Cramorant,Flying,Water,475,70,85,55,85,95,85,8,False,Blue,0.8,18.0,0.0,None,Gulp Pokémon
846,Arrokuda,Water,,280,41,63,40,40,30,66,8,False,Brown,0.5,1.0,0.0,None,Rush Pokémon
847,Barraskewda,Water,,490,61,123,60,60,50,136,8,False,Brown,1.3,30.0,1.0,Arrokuda,Skewer Pokémon
848,Toxel,Electric,Poison,242,40,38,35,54,35,40,8,False,Purple,0.4,11.0,0.0,None,Baby Pokémon
849,Toxtricity,Electric,Poison,502,75,98,70,114,70,75,8,False,Purple,1.6,40.0,1.0,Toxel,Punk Pokémon
850,Sizzlipede,Fire,Bug,305,50,65,45,50,50,45,8,False,Red,0.7,1.0,0.0,None,Radiator Pokémon
851,Centiskorch,Fire,Bug,525,100,115,65,90,90,65,8,False,Red,3.0,120.0,1.0,Sizzlipede,Radiator Pokémon
852,Clobbopus,Fighting,,310,50,68,60,50,50,32,8,False,Brown,0.6,4.0,0.0,None,Tantrum Pokémon
853,Grapploct,Fighting,,480,80,118,90,70,80,42,8,False,Blue,1.6,39.0,1.0,Clobbopus,Tantrum Pokémon
854,Sinistea,Ghost,,308,40,45,45,74,54,50,8,False,Purple,0.1,0.2,0.0,None,Black Tea Pokémon
855,Polteageist,Ghost,,508,60,65,65,134,114,70,8,False,Purple,0.2,0.4,1.0,Sinistea,Black Tea Pokémon
856,Hatenna,Psychic,,265,42,30,45,56,53,39,8,False,Pink,0.4,3.4,0.0,None,Calm Pokémon
857,Hattrem,Psychic,,370,57,40,65,86,73,49,8,False,Pink,0.6,4.8,1.0,Hatenna,Serene Pokémon
858,Hatterene,Psychic,Fairy,510,57,90,95,136,103,29,8,False,Pink,2.1,5.1,2.0,Hattrem,Silent Pokémon
859,Impidimp,Dark,Fairy,265,45,45,30,55,40,50,8,False,Pink,0.4,5.5,0.0,None,Wily Pokémon
860,Morgrem,Dark,Fairy,370,65,60,45,75,55,70,8,False,Pink,0.8,12.5,1.0,Impidimp,Devious Pokémon
861,Grimmsnarl,Dark,Fairy,510,95,120,65,95,75,60,8,False,Purple,1.5,61.0,2.0,Morgrem,Bulk Up Pokémon
862,Obstagoon,Dark,Normal,520,93,90,101,60,81,95,8,False,Gray,1.6,46.0,2.0,Linoone,Blocking Pokémon
863,Perrserker,Steel,,440,70,110,100,50,60,50,8,False,Brown,0.8,28.0,1.0,Meowth,Viking Pokémon
864,Cursola,Ghost,,510,60,95,50,145,130,30,8,False,White,1.0,0.4,1.0,Corsola,Coral Pokémon
865,Sirfetch'd,Fighting,,507,62,135,95,68,82,65,8,False,White,0.8,117.0,1.0,Farfetch'd,Wild Duck Pokémon
866,Mr. Rime,Ice,Psychic,520,80,85,75,110,100,70,8,False,Purple,1.5,58.2,2.0,Mr. Mime,Comedian Pokémon
867,Runerigus,Ground,Ghost,483,58,95,145,50,105,30,8,False,Gray,1.6,66.6,1.0,Yamask,Grudge Pokémon
868,Milcery,Fairy,,270,45,40,40,50,61,34,8,False,White,0.2,0.3,0.0,None,Cream Pokémon
869,Alcremie,Fairy,,495,65,60,75,110,121,64,8,False,White,0.3,0.5,1.0,Milcery,Cream Pokémon
870,Falinks,Fighting,,470,65,100,100,70,60,75,8,False,Yellow,3.0,62.0,0.0,None,Formation Pokémon
871,Pincurchin,Electric,,435,48,101,95,91,85,15,8,False,Purple,0.3,1.0,0.0,None,Sea Urchin Pokémon
872,Snom,Ice,Bug,185,30,25,35,45,30,20,8,False,White,0.3,3.8,0.0,None,Worm Pokémon
873,Frosmoth,Ice,Bug,475,70,65,60,125,90,65,8,False,White,1.3,42.0,1.0,Snom,Frost Moth Pokémon
874,Stonjourner,Rock,,470,100,125,135,20,20,70,8,False,Gray,2.5,520.0,0.0,None,Big Rock Pokémon
875,Eiscue,Ice,,470,75,80,110,65,90,50,8,False,Blue,1.4,89.0,0.0,None,Penguin Pokémon
876,Indeedee,Psychic,Normal,475,60,65,55,105,95,95,8,False,Purple,0.9,28.0,0.0,None,Emotion Pokémon
877,Morpeko,Electric,Dark,436,58,95,58,70,58,97,8,False,Yellow,0.3,3.0,0.0,None,Two-Sided Pokémon
878,Cufant,Steel,,330,72,80,49,40,49,40,8,False,Yellow,1.2,100.0,0.0,None,Copperderm Pokémon
879,Copperajah,Steel,,500,122,130,69,80,69,30,8,False,Green,3.0,650.0,1.0,Cufant,Copperderm Pokémon
880,Dracozolt,Electric,Dragon,505,90,100,90,80,70,75,8,False,Green,1.8,190.0,0.0,None,Fossil Pokémon
881,Arctozolt,Electric,Ice,505,90,100,90,90,80,55,8,False,Blue,2.3,150.0,0.0,None,Fossil Pokémon
882,Dracovish,Water,Dragon,505,90,90,100,70,80,75,8,False,Green,2.3,215.0,0.0,None,Fossil Pokémon
883,Arctovish,Water,Ice,505,90,90,100,80,90,55,8,False,Blue,2.0,175.0,0.0,None,Fossil Pokémon
884,Duraludon,Steel,Dragon,535,70,95,115,120,50,85,8,False,White,1.8,40.0,0.0,None,Alloy Pokémon
885,Dreepy,Dragon,Ghost,270,28,60,30,40,30,82,8,False,Green,0.5,2.0,0.0,None,Lingering Pokémon
886,Drakloak,Dragon,Ghost,410,68,80,50,60,50,102,8,False,Green,1.4,11.0,1.0,Dreepy,Caretaker Pokémon
887,Dragapult,Dragon,Ghost,600,88,120,75,100,75,142,8,False,Green,3.0,50.0,2.0,Drakloak,Stealth Pokémon
888,Zacian,Fairy,,670,92,130,115,80,115,138,8,True,Blue,2.8,110.0,0.0,None,Warrior Pokémon
889,Zamazenta,Fighting,,670,92,130,115,80,115,138,8,True,Red,2.9,210.0,0.0,None,Warrior Pokémon
890,Eternatus,Poison,Dragon,690,140,85,95,145,95,130,8,True,Purple,20.0,950.0,0.0,None,Gigantic Pokémon
891,Kubfu,Fighting,,385,60,90,60,53,50,72,8,True,Gray,0.6,12.0,0.0,None,Wushu Pokémon
892,Urshifu,Fighting,Dark,550,100,130,100,63,60,97,8,True,Gray,1.9,105.0,1.0,Kubfu,Wushu Pokémon
893,Zarude,Dark,Grass,600,105,120,105,70,95,105,8,True,Black,1.8,70.0,0.0,None,Rogue Monkey Pokémon
894,Regieleki,Electric,,580,80,100,50,100,50,200,8,True,Yellow,1.2,145.0,0.0,None,Electron Pokémon
895,Regidrago,Dragon,,580,200,100,50,100,50,80,8,True,Green,2.1,200.0,0.0,None,Dragon Orb Pokémon
896,Glastrier,Ice,,580,100,145,130,65,110,30,8,True,White,2.2,800.0,0.0,None,Wild Horse Pokémon
897,Spectrier,Ghost,,580,100,65,60,145,80,130,8,True,Black,2.0,44.5,0.0,None,Swift Horse Pokémon
898,Calyrex,Psychic,Grass,500,100,80,80,80,80,80,8,True,Green,1.1,7.7,0.0,None,King Pokémon
899,Wyrdeer,Normal,Psychic,525,103,105,72,105,75,65,8,False,Gray,1.8,95.1,1.0,Stantler,Big Horn Pokémon
900,Kleavor,Bug,Rock,500,70,135,95,45,70,85,8,False,Brown,1.8,89.0,1.0,Scyther,Axe Pokémon
901,Ursaluna,Ground,Normal,550,130,140,105,45,80,50,8,False,Brown,2.4,290.0,2.0,Ursaring,Peat Pokémon
902,Basculegion,Water,Ghost,530,120,112,65,80,75,78,8,False,,3.0,110.0,1.0,Basculin,Big Fish Pokémon
903,Sneasler,Fighting,Poison,510,80,130,60,40,80,120,8,False,Gray,1.3,43.0,1.0,Sneasel,Free Climb Pokémon
904,Overqwil,Dark,Poison,510,85,115,95,65,65,85,8,False,Black,2.5,60.5,1.0,Qwilfish,Pin Cluster Pokémon
905,Enamorus,Fairy,Flying,580,74,115,70,135,80,106,8,True,,1.6,48.0,0.0,None,Love-Hate Pokémon
906,Sprigatito,Grass,,310,40,61,54,45,45,65,9,False,,,,,,Grass Cat Pokémon
907,Floragato,Grass,,410,61,80,63,60,63,83,9,False,,,,,,Grass Cat Pokémon
908,Meowscarada,Grass,Dark,530,76,110,70,81,70,123,9,False,,,,,,Magician Pokémon
909,Fuecoco,Fire,,310,67,45,59,63,40,36,9,False,,,,,,Fire Croc Pokémon
910,Crocalor,Fire,,411,81,55,78,90,58,49,9,False,,,,,,Fire Croc Pokémon
911,Skeledirge,Fire,Ghost,530,104,75,100,110,75,66,9,False,,,,,,Singer Pokémon
912,Quaxly,Water,,310,55,65,45,50,45,50,9,False,,,,,,Duckling Pokémon
913,Quaxwell,Water,,410,70,85,65,65,60,65,9,False,,,,,,Practicing Pokémon
914,Quaquaval,Water,Fighting,530,85,120,80,85,75,85,9,False,,,,,,Dancer Pokémon
915,Lechonk,Normal,,254,54,45,40,35,45,35,9,False,,,,,,Hog Pokémon
916,Oinkologne,Normal,,489,110,100,75,59,80,65,9,False,,,,,,Hog Pokémon
917,Tarountula,Bug,,210,35,41,45,29,40,20,9,False,,,,,,String Ball Pokémon
918,Spidops,Bug,,404,60,79,92,52,86,35,9,False,,,,,,Trap Pokémon
919,Nymble,Bug,,210,33,46,40,21,25,45,9,False,,,,,,Grasshopper Pokémon
920,Lokix,Bug,Dark,450,71,102,78,52,55,92,9,False,,,,,,Grasshopper Pokémon
921,Pawmi,Electric,,240,45,50,20,40,25,60,9,False,,,,,,Mouse Pokémon
922,Pawmo,Electric,Fighting,350,60,75,40,50,40,85,9,False,,,,,,Mouse Pokémon
923,Pawmot,Electric,Fighting,490,70,115,70,70,60,105,9,False,,,,,,Hands-On Pokémon
924,Tandemaus,Normal,,305,50,50,45,40,45,75,9,False,,,,,,Couple Pokémon
925,Maushold,Normal,,470,74,75,70,65,75,111,9,False,,,,,,Family Pokémon
926,Fidough,Fairy,,312,37,55,70,30,55,65,9,False,,,,,,Puppy Pokémon
927,Dachsbun,Fairy,,477,57,80,115,50,80,95,9,False,,,,,,Dog Pokémon
928,Smoliv,Grass,Normal,260,41,35,45,58,51,30,9,False,,,,,,Olive Pokémon
929,Dolliv,Grass,Normal,354,52,53,60,78,78,33,9,False,,,,,,Olive Pokémon
930,Arboliva,Grass,Normal,510,78,69,90,125,109,39,9,False,,,,,,Olive Pokémon
931,Squawkabilly,Normal,Flying,417,82,96,51,45,51,92,9,False,,,,,,Parrot Pokémon
932,Nacli,Rock,,280,55,55,75,35,35,25,9,False,,,,,,Rock Salt Pokémon
933,Naclstack,Rock,,355,60,60,100,35,65,35,9,False,,,,,,Rock Salt Pokémon
934,Garganacl,Rock,,500,100,100,130,45,90,35,9,False,,,,,,Rock Salt Pokémon
935,Charcadet,Fire,,255,40,50,40,50,40,35,9,False,,,,,,Fire Child Pokémon
936,Armarouge,Fire,Psychic,525,85,60,100,125,80,75,9,False,,,,,,Fire Warrior Pokémon
937,Ceruledge,Fire,Ghost,525,75,125,80,60,100,85,9,False,,,,,,Fire Blades Pokémon
938,Tadbulb,Electric,,272,61,31,41,59,35,45,9,False,,,,,,EleTadpole Pokémon
939,Bellibolt,Electric,,495,109,64,91,103,83,45,9,False,,,,,,EleFrog Pokémon
940,Wattrel,Electric,Flying,280,40,40,35,55,40,70,9,False,,,,,,Storm Petrel Pokémon
941,Kilowattrel,Electric,Flying,490,70,70,60,105,60,125,9,False,,,,,,Frigatebird Pokémon
942,Maschiff,Dark,,340,60,78,60,40,51,51,9,False,,,,,,Rascal Pokémon
943,Mabosstiff,Dark,,505,80,120,90,60,70,85,9,False,,,,,,Boss Pokémon
44,Shroodle,Poison,Normal,290,40,65,35,40,35,75,9,False,,,,,,Toxic Mouse Pokémon
945,Grafaiai,Poison,Normal,485,63,95,65,80,72,110,9,False,,,,,,Toxic Monkey Pokémon
946,Bramblin,Grass,Ghost,275,40,65,30,45,35,60,9,False,,,,,,Tumbleweed Pokémon
947,Brambleghast,Grass,Ghost,480,55,115,70,80,70,90,9,False,,,,,,Tumbleweed Pokémon
948,Toedscool,Ground,Grass,335,40,40,35,50,100,70,9,False,,,,,,Woodear Pokémon
949,Toedscruel,Ground,Grass,515,80,70,65,80,120,100,9,False,,,,,,Woodear Pokémon
950,Klawf,Rock,,450,70,100,115,35,55,75,9,False,,,,,,Ambush Pokémon
951,Capsakid,Grass,,304,50,62,40,62,40,50,9,False,,,,,,Spicy Pepper Pokémon
952,Scovillain,Grass,Fire,486,65,108,65,108,65,75,9,False,,,,,,Spicy Pepper Pokémon
953,Rellor,Bug,,270,41,50,60,31,58,30,9,False,,,,,,Rolling Pokémon
954,Rabsca,Bug,Psychic,470,75,50,85,115,100,45,9,False,,,,,,Rolling Pokémon
955,Flittle,Psychic,,255,30,35,30,55,30,75,9,False,,,,,,Frill Pokémon
956,Espathra,Psychic,,481,95,60,60,101,60,105,9,False,,,,,,Ostrich Pokémon
957,Tinkatink,Fairy,Steel,297,50,45,45,35,64,58,9,False,,,,,,Metalsmith Pokémon
958,Tinkatuff,Fairy,Steel,380,65,55,55,45,82,78,9,False,,,,,,Hammer Pokémon
959,Tinkaton,Fairy,Steel,506,85,75,77,70,105,94,9,False,,,,,,Hammer Pokémon
960,Wiglett,Water,,245,10,55,25,35,25,95,9,False,,,,,,Garden Eel Pokémon
961,Wugtrio,Water,,425,35,100,50,50,70,120,9,False,,,,,,Garden Eel Pokémon
962,Bombirdier,Flying,Dark,485,70,103,85,60,85,82,9,False,,,,,,Item Drop Pokémon
963,Finizen,Water,,315,70,45,40,45,40,75,9,False,,,,,,Dolphin Pokémon
964,Palafin,Water,,457,100,70,72,53,62,100,9,False,,,,,,Dolphin Pokémon
965,Varoom,Steel,Poison,300,45,70,63,30,45,47,9,False,,,,,,Single-Cyl Pokémon
966,Revavroom,Steel,Poison,500,80,119,90,54,67,90,9,False,,,,,,Multi-Cyl Pokémon
967,Cyclizar,Dragon,Normal,501,70,95,65,85,65,121,9,False,,,,,,Mount Pokémon
968,Orthworm,Steel,,480,70,85,145,60,55,65,9,False,,,,,,Earthworm Pokémon
969,Glimmet,Rock,Poison,350,48,35,42,105,60,60,9,False,,,,,,Ore Pokémon
970,Glimmora,Rock,Poison,525,83,55,90,130,81,86,9,False,,,,,,Ore Pokémon
971,Greavard,Ghost,,290,50,61,60,30,55,34,9,False,,,,,,Ghost Dog Pokémon
972,Houndstone,Ghost,,488,72,101,100,50,97,68,9,False,,,,,,Ghost Dog Pokémon
973,Flamigo,Flying,Fighting,500,82,115,74,75,64,90,9,False,,,,,,Synchronize Pokémon
974,Cetoddle,Ice,,334,108,68,45,30,40,43,9,False,,,,,,Terra Whale Pokémon
975,Cetitan,Ice,,521,170,113,65,45,55,73,9,False,,,,,,Terra Whale Pokémon
976,Veluza,Water,Psychic,478,90,102,73,78,65,70,9,False,,,,,,Jettison Pokémon
977,Dondozo,Water,,530,150,100,115,65,65,35,9,False,,,,,,Big Catfish Pokémon
978,Tatsugiri,Water,,475,68,50,60,120,95,82,9,False,,,,,,Mimicry Pokémon
979,Annihilape,Fighting,Ghost,535,110,115,80,50,90,90,9,False,,,,,,Rage Monkey Pokémon
980,Clodsire,Poison,Ground,430,130,75,60,45,100,20,9,False,,,,,,Spiny Fish Pokémon
981,Farigiraf,Normal,Psychic,520,120,90,70,110,70,60,9,False,,,,,,Long Neck Pokémon
982,Dudunsparce,Normal,,520,125,100,80,85,75,55,9,False,,,,,,Land Snake Pokémon
983,Kingambit,Dark,Steel,550,100,135,120,60,85,50,9,False,,,,,,Big Blade Pokémon
984,Great Tusk,Ground,Fighting,570,115,131,131,53,53,87,9,False,,,,,,Paradox Pokémon
985,Scream Tail,Fairy,Psychic,570,115,65,99,65,115,111,9,False,,,,,,Paradox Pokémon
986,Brute Bonnet,Grass,Dark,570,111,127,99,79,99,55,9,False,,,,,,Paradox Pokémon
987,Flutter Mane,Ghost,Fairy,570,55,55,55,135,135,135,9,False,,,,,,Paradox Pokémon
988,Slither Wing,Bug,Fighting,570,85,135,79,85,105,81,9,False,,,,,,Paradox Pokémon
989,Sandy Shocks,Electric,Ground,570,85,81,97,121,85,101,9,False,,,,,,Paradox Pokémon
990,Iron Treads,Ground,Steel,570,90,112,120,72,70,106,9,False,,,,,,Paradox Pokémon
991,Iron Bundle,Ice,Water,570,56,80,114,124,60,136,9,False,,,,,,Paradox Pokémon
992,Iron Hands,Fighting,Electric,570,154,140,108,50,68,50,9,False,,,,,,Paradox Pokémon
993,Iron Jugulis,Dark,Flying,570,94,80,86,122,80,108,9,False,,,,,,Paradox Pokémon
994,Iron Moth,Fire,Poison,570,80,70,60,140,110,110,9,False,,,,,,Paradox Pokémon
995,Iron Thorns,Rock,Electric,570,100,134,110,70,84,72,9,False,,,,,,Paradox Pokémon
996,Frigibax,Dragon,Ice,320,65,75,45,35,45,55,9,False,,,,,,Ice Fin Pokémon
997,Arctibax,Dragon,Ice,423,90,95,66,45,65,62,9,False,,,,,,Ice Fin Pokémon
998,Baxcalibur,Dragon,Ice,600,115,145,92,75,86,87,9,False,,,,,,Ice Dragon Pokémon
999,Gimmighoul,Ghost,,300,45,30,70,75,70,10,9,False,,,,,,Coin Chest Pokémon
1000,Gholdengo,Steel,Ghost,550,87,60,95,133,91,84,9,False,,,,,,Coin Entity Pokémon
1001,Wo-Chien,Dark,Grass,570,85,85,100,95,135,70,9,True,,,,,,Ruinous Pokémon
1002,Chien-Pao,Dark,Ice,570,80,120,80,90,65,135,9,True,,,,,,Ruinous Pokémon
1003,Ting-Lu,Dark,Ground,570,155,110,125,55,80,45,9,True,,,,,,Ruinous Pokémon
1004,Chi-Yu,Dark,Fire,570,55,80,80,135,120,100,9,True,,,,,,Ruinous Pokémon
1005,Roaring Moon,Dragon,Dark,590,105,139,71,55,101,119,9,False,,,,,,Paradox Pokémon
1006,Iron Valiant,Fairy,Fighting,590,74,130,90,120,60,116,9,False,,,,,,Paradox Pokémon
1007,Koraidon,Fighting,Dragon,670,100,135,115,85,100,135,9,True,,,,,,Paradox Pokémon
1008,Miraidon,Electric,Dragon,670,100,85,100,135,115,135,9,True,,,,,,Paradox Pokémon
1009,Walking Wake,Water,Dragon,590,99,83,91,125,83,109,9,True,,,,,,Paradox Pokémon
1010,Iron Leaves,Grass,Psychic,590,90,130,88,70,108,104,9,True,,,,,,Paradox Pokémon
